Transaction_ID,Date,Items
T1001,2026-07-31,"Wine,Bread,Coffee,Cheese,Butter"
T1002,2026-07-16,"Beer,Nutella"
T1003,2026-08-12,"Butter,Eggs,Snacks"
T1004,2026-08-11,"Nutella,Coffee,Bread,Butter"
T1005,2026-08-04,"Nutella,Beer,Snacks,Butter"
T1006,2026-07-23,"Eggs,Nutella"
T1007,2026-08-06,Beer
T1008,2026-08-06,"Snacks,Eggs,Wine,Butter"
T1009,2026-07-31,"Eggs,Bread,Butter"
T1010,2026-08-11,"Wine,Bread,Butter"
T1011,2026-07-23,"Beer,Cheese,Snacks"
T1012,2026-08-03,"Diapers,Cheese"
T1013,2026-07-20,"Cheese,Nutella"
T1014,2026-08-12,Wine
T1015,2026-07-18,"Beer,Diapers"
T1016,2026-08-07,"Nutella,Cheese"
T1017,2026-08-09,"Beer,Diapers,Snacks"
T1018,2026-08-06,"Wine,Nutella,Butter,Bread"
T1019,2026-07-24,"Eggs,Beer,Diapers"
T1020,2026-07-30,"Cheese,Snacks,Bread,Butter"
T1021,2026-08-03,"Beer,Milk"
T1022,2026-07-13,"Coffee,Snacks,Diapers,Wine"
T1023,2026-07-17,"Nutella,Wine"
T1024,2026-08-11,"Bread,Coffee,Butter"
T1025,2026-07-30,Beer
T1026,2026-08-08,"Beer,Diapers,Snacks"
T1027,2026-07-13,"Cheese,Bread,Eggs,Butter"
T1028,2026-08-02,"Beer,Diapers"
T1029,2026-07-17,"Nutella,Beer,Milk,Eggs"
T1030,2026-08-07,"Eggs,Coffee,Butter,Bread"
T1031,2026-07-15,"Wine,Cheese,Nutella"
T1032,2026-08-01,"Beer,Diapers"
T1033,2026-07-25,"Beer,Diapers,Snacks"
T1034,2026-07-18,"Beer,Diapers,Snacks"
T1035,2026-08-02,"Beer,Diapers"
T1036,2026-08-12,"Coffee,Snacks"
T1037,2026-07-31,Cheese
T1038,2026-07-28,Eggs
T1039,2026-07-26,"Beer,Diapers,Snacks"
T1040,2026-08-12,"Snacks,Diapers,Coffee"
T1041,2026-07-22,Eggs
T1042,2026-07-22,Wine
T1043,2026-08-09,"Beer,Diapers,Snacks"
T1044,2026-07-30,"Eggs,Nutella,Cheese,Milk"
T1045,2026-07-29,"Milk,Cheese"
T1046,2026-07-30,"Diapers,Snacks,Coffee,Beer"
T1047,2026-07-23,"Beer,Milk,Coffee,Diapers"
T1048,2026-08-04,"Coffee,Wine,Bread,Butter"
T1049,2026-07-22,"Coffee,Butter"
T1050,2026-07-21,Eggs
T1051,2026-08-09,"Beer,Diapers"
T1052,2026-08-12,Diapers
T1053,2026-08-04,"Eggs,Coffee,Milk"
T1054,2026-07-19,"Beer,Diapers"
T1055,2026-08-10,"Milk,Eggs,Nutella,Cheese"
T1056,2026-07-23,"Snacks,Eggs,Nutella,Milk"
T1057,2026-07-19,"Beer,Diapers"
T1058,2026-07-23,Cheese
T1059,2026-07-28,"Milk,Snacks,Coffee,Nutella"
T1060,2026-08-02,"Beer,Diapers"
T1061,2026-07-29,"Bread,Beer,Butter"
T1062,2026-08-05,"Coffee,Eggs,Diapers"
T1063,2026-07-29,"Nutella,Bread,Butter"
T1064,2026-08-01,"Beer,Diapers,Snacks"
T1065,2026-08-12,"Eggs,Nutella,Bread,Butter"
T1066,2026-08-11,"Nutella,Wine,Coffee"
T1067,2026-08-03,"Snacks,Eggs,Nutella"
T1068,2026-08-11,"Cheese,Butter,Beer,Diapers"
T1069,2026-08-01,"Beer,Diapers"
T1070,2026-08-06,"Nutella,Butter"
T1071,2026-07-24,Cheese
T1072,2026-08-12,"Milk,Nutella,Butter,Wine"
T1073,2026-07-31,"Bread,Wine,Beer,Butter"
T1074,2026-07-16,"Coffee,Butter,Milk,Wine"
T1075,2026-07-25,"Beer,Diapers"
T1076,2026-07-18,"Beer,Diapers,Snacks"
T1077,2026-07-30,"Eggs,Beer,Bread,Wine,Butter"
T1078,2026-07-22,"Wine,Butter,Eggs,Beer"
T1079,2026-08-08,"Beer,Diapers"
T1080,2026-07-18,"Beer,Diapers,Snacks"
T1081,2026-07-14,"Nutella,Bread,Beer,Diapers,Butter"
T1082,2026-07-30,Butter
T1083,2026-07-14,"Cheese,Coffee,Eggs,Wine"
T1084,2026-07-30,"Bread,Butter"
T1085,2026-07-14,"Coffee,Nutella,Bread,Diapers,Butter"
T1086,2026-07-21,Wine
T1087,2026-07-30,"Bread,Butter"
T1088,2026-08-05,"Milk,Wine,Bread,Butter"
T1089,2026-07-26,"Beer,Diapers"
T1090,2026-07-21,"Cheese,Wine,Diapers"
T1091,2026-08-03,"Butter,Cheese,Coffee,Wine"
T1092,2026-08-07,"Cheese,Coffee,Snacks"
T1093,2026-08-10,Diapers
T1094,2026-07-15,"Nutella,Milk,Diapers"
T1095,2026-08-08,"Beer,Diapers"
T1096,2026-08-06,"Eggs,Diapers,Bread,Wine,Butter"
T1097,2026-08-03,"Bread,Milk,Eggs,Butter"
T1098,2026-08-07,"Butter,Milk,Cheese,Coffee"
T1099,2026-08-07,"Butter,Wine"
T1100,2026-07-26,"Beer,Diapers"
T1101,2026-07-29,"Cheese,Coffee,Bread,Diapers"
T1102,2026-07-27,"Wine,Snacks,Bread,Coffee,Butter"
T1103,2026-07-27,Snacks
T1104,2026-08-08,"Beer,Diapers,Snacks"
T1105,2026-08-04,"Nutella,Snacks,Cheese"
T1106,2026-07-18,"Beer,Diapers"
T1107,2026-08-06,"Beer,Cheese"
T1108,2026-07-20,"Eggs,Cheese,Snacks"
T1109,2026-08-02,"Beer,Diapers"
T1110,2026-07-28,"Nutella,Wine,Snacks"
T1111,2026-07-31,"Eggs,Milk"
T1112,2026-07-28,Butter
T1113,2026-07-14,Nutella
T1114,2026-08-03,"Snacks,Diapers,Cheese"
T1115,2026-07-28,"Butter,Nutella"
T1116,2026-08-08,"Beer,Diapers,Snacks"
T1117,2026-07-17,"Diapers,Bread,Butter"
T1118,2026-08-02,"Beer,Diapers"
T1119,2026-07-17,"Cheese,Bread,Butter"
T1120,2026-07-25,"Beer,Diapers,Snacks"
T1121,2026-07-20,"Butter,Coffee,Bread,Diapers"
T1122,2026-07-18,"Beer,Diapers,Snacks"
T1123,2026-08-08,"Beer,Diapers,Snacks"
T1124,2026-07-30,"Diapers,Bread,Eggs,Butter"
T1125,2026-08-08,"Beer,Diapers"
T1126,2026-07-14,"Diapers,Bread,Beer,Nutella,Butter"
T1127,2026-08-11,"Eggs,Coffee"
T1128,2026-07-13,"Diapers,Wine"
T1129,2026-07-28,"Diapers,Eggs,Milk,Coffee"
T1130,2026-07-25,"Beer,Diapers,Snacks"
T1131,2026-08-06,Nutella
T1132,2026-07-21,"Milk,Snacks,Eggs,Wine"
T1133,2026-08-09,"Beer,Diapers,Snacks"
T1134,2026-07-18,"Beer,Diapers,Snacks"
T1135,2026-07-30,"Nutella,Snacks,Butter"
T1136,2026-07-13,"Butter,Cheese,Bread"
T1137,2026-07-22,"Nutella,Cheese,Bread,Diapers,Butter"
T1138,2026-07-22,Eggs
T1139,2026-08-09,"Beer,Diapers"
T1140,2026-07-24,"Cheese,Wine,Nutella"
T1141,2026-07-23,"Diapers,Wine"
T1142,2026-07-20,"Milk,Coffee,Bread,Butter"
T1143,2026-07-30,"Diapers,Cheese,Milk"
T1144,2026-07-30,"Beer,Diapers,Coffee,Snacks"
T1145,2026-07-29,"Diapers,Butter"
T1146,2026-07-21,Diapers
T1147,2026-07-16,"Coffee,Snacks"
T1148,2026-07-23,"Eggs,Diapers"
T1149,2026-08-01,"Beer,Diapers"
T1150,2026-07-20,"Nutella,Beer"
T1151,2026-07-24,"Wine,Diapers,Snacks,Eggs"
T1152,2026-07-16,"Butter,Beer,Nutella,Milk"
T1153,2026-08-10,Snacks
T1154,2026-08-06,"Coffee,Diapers"
T1155,2026-07-31,"Coffee,Nutella,Eggs"
T1156,2026-08-04,"Eggs,Milk"
T1157,2026-08-12,"Diapers,Milk,Coffee"
T1158,2026-08-09,"Beer,Diapers,Snacks"
T1159,2026-08-04,"Milk,Coffee,Eggs"
T1160,2026-07-17,"Wine,Cheese,Snacks"
T1161,2026-07-20,Snacks
T1162,2026-08-06,Nutella
T1163,2026-07-18,"Beer,Diapers"
T1164,2026-07-28,"Diapers,Snacks,Bread,Butter"
T1165,2026-08-03,"Wine,Cheese,Beer"
T1166,2026-07-19,"Beer,Diapers,Snacks"
T1167,2026-07-19,"Beer,Diapers"
T1168,2026-07-14,Coffee
T1169,2026-07-28,"Bread,Diapers,Wine,Butter"
T1170,2026-07-25,"Beer,Diapers"
T1171,2026-08-10,"Snacks,Beer"
T1172,2026-07-15,"Nutella,Diapers,Eggs"
T1173,2026-08-02,"Beer,Diapers,Snacks"
T1174,2026-07-18,"Beer,Diapers"
T1175,2026-07-19,"Beer,Diapers,Snacks"
T1176,2026-08-08,"Beer,Diapers"
T1177,2026-08-11,"Butter,Wine,Beer"
T1178,2026-07-20,"Snacks,Beer"
T1179,2026-07-27,"Snacks,Nutella,Bread,Milk,Butter"
T1180,2026-07-31,"Bread,Coffee,Butter"
T1181,2026-07-24,"Wine,Milk,Snacks,Butter"
T1182,2026-07-22,Diapers
T1183,2026-07-25,"Beer,Diapers"
T1184,2026-07-26,"Beer,Diapers,Snacks"
T1185,2026-08-01,"Beer,Diapers"
T1186,2026-07-17,"Butter,Beer,Milk,Wine"
T1187,2026-07-20,Cheese
T1188,2026-07-19,"Beer,Diapers,Snacks"
T1189,2026-07-24,"Eggs,Cheese"
T1190,2026-08-12,"Nutella,Cheese,Diapers"
T1191,2026-07-27,"Diapers,Cheese"
T1192,2026-07-21,Beer
T1193,2026-07-15,"Diapers,Milk,Snacks,Cheese"
T1194,2026-07-22,"Beer,Snacks,Wine,Cheese"
T1195,2026-07-24,"Cheese,Nutella,Eggs,Coffee"
T1196,2026-08-12,"Bread,Nutella,Wine,Eggs,Butter"
T1197,2026-07-15,Cheese
T1198,2026-07-31,Beer
T1199,2026-08-02,"Beer,Diapers,Snacks"
T1200,2026-08-03,"Butter,Nutella"
T1201,2026-07-14,"Nutella,Snacks,Coffee,Eggs"
T1202,2026-08-05,"Bread,Wine,Snacks,Diapers,Butter"
T1203,2026-08-07,"Nutella,Coffee"
T1204,2026-08-03,"Cheese,Bread,Wine,Eggs,Butter"
T1205,2026-08-11,"Butter,Nutella,Diapers"
T1206,2026-08-06,"Milk,Butter,Snacks"
T1207,2026-07-17,"Nutella,Eggs"
T1208,2026-08-11,"Nutella,Bread,Butter"
T1209,2026-07-31,"Snacks,Coffee"
T1210,2026-07-17,"Wine,Nutella"
T1211,2026-07-16,"Butter,Snacks,Coffee,Wine"
T1212,2026-08-03,"Snacks,Beer"
T1213,2026-08-03,Coffee
T1214,2026-07-25,"Beer,Diapers"
T1215,2026-07-13,"Bread,Snacks,Nutella,Cheese,Butter"
T1216,2026-08-11,"Snacks,Cheese,Diapers"
T1217,2026-07-15,"Diapers,Butter"
T1218,2026-07-19,"Beer,Diapers"
T1219,2026-07-18,"Beer,Diapers"
T1220,2026-07-22,Wine
T1221,2026-07-30,"Beer,Cheese,Snacks,Diapers"
T1222,2026-07-28,"Wine,Bread"
T1223,2026-07-13,"Bread,Eggs,Butter"
T1224,2026-07-21,"Eggs,Coffee,Beer,Cheese"
T1225,2026-07-15,Eggs
T1226,2026-08-09,"Beer,Diapers"
T1227,2026-08-09,"Beer,Diapers"
T1228,2026-07-30,"Wine,Snacks,Coffee,Diapers"
T1229,2026-08-05,"Beer,Butter"
T1230,2026-07-25,"Beer,Diapers,Snacks"
T1231,2026-07-28,Snacks
T1232,2026-07-13,Beer
T1233,2026-08-04,"Milk,Coffee,Butter,Cheese"
T1234,2026-08-02,"Beer,Diapers"
T1235,2026-07-20,"Bread,Diapers,Butter,Wine"
T1236,2026-07-15,Butter
T1237,2026-07-13,"Bread,Coffee,Butter"
T1238,2026-07-19,"Beer,Diapers,Snacks"
T1239,2026-08-03,"Bread,Milk,Butter"
T1240,2026-07-23,"Eggs,Bread,Nutella,Butter"
T1241,2026-08-08,"Beer,Diapers"
T1242,2026-08-03,"Bread,Butter"
T1243,2026-07-25,"Beer,Diapers"
T1244,2026-08-11,"Bread,Eggs"
T1245,2026-07-30,"Milk,Diapers,Beer,Coffee"
T1246,2026-07-28,"Butter,Wine"
T1247,2026-07-30,"Wine,Beer,Eggs,Bread"
T1248,2026-08-05,"Wine,Milk,Diapers"
T1249,2026-07-31,Cheese
T1250,2026-07-20,"Snacks,Beer,Butter,Coffee"
T1251,2026-08-04,"Bread,Butter"
T1252,2026-07-19,"Beer,Diapers"
T1253,2026-08-05,"Eggs,Diapers,Nutella"
T1254,2026-07-29,"Nutella,Cheese,Diapers,Eggs"
T1255,2026-07-13,"Butter,Wine,Bread,Nutella"
T1256,2026-08-05,Milk
T1257,2026-07-15,"Cheese,Nutella"
T1258,2026-07-14,"Beer,Cheese"
T1259,2026-07-14,"Eggs,Butter,Bread"
T1260,2026-07-29,Beer
T1261,2026-08-10,"Cheese,Wine,Beer,Bread"
T1262,2026-08-12,Coffee
T1263,2026-07-22,"Snacks,Bread,Butter"
T1264,2026-07-13,"Bread,Diapers,Butter"
T1265,2026-07-14,Cheese
T1266,2026-07-29,"Cheese,Diapers"
T1267,2026-07-14,"Snacks,Diapers,Nutella,Butter"
T1268,2026-07-29,"Nutella,Bread,Beer,Butter"
T1269,2026-08-06,Beer
T1270,2026-08-02,"Beer,Diapers,Snacks"
T1271,2026-08-02,"Beer,Diapers"
T1272,2026-07-24,Diapers
T1273,2026-08-09,"Beer,Diapers"
T1274,2026-08-10,"Beer,Eggs,Cheese,Wine"
T1275,2026-07-16,Snacks
T1276,2026-07-30,"Milk,Nutella,Coffee"
T1277,2026-07-21,"Butter,Bread"
T1278,2026-08-09,"Beer,Diapers"
T1279,2026-08-09,"Beer,Diapers,Snacks"
T1280,2026-08-12,"Diapers,Bread,Milk,Butter"
T1281,2026-07-27,"Coffee,Milk,Butter"
T1282,2026-07-13,"Snacks,Coffee,Beer"
T1283,2026-08-12,Eggs
T1284,2026-08-09,"Beer,Diapers"
T1285,2026-07-17,"Diapers,Snacks,Coffee,Milk"
T1286,2026-08-10,"Eggs,Cheese"
T1287,2026-08-02,"Beer,Diapers"
T1288,2026-07-14,"Eggs,Cheese,Snacks,Milk"
T1289,2026-07-23,Wine
T1290,2026-07-30,"Eggs,Coffee"
T1291,2026-07-30,"Milk,Butter"
T1292,2026-08-06,Diapers
T1293,2026-07-26,"Beer,Diapers,Snacks"
T1294,2026-08-12,"Bread,Eggs,Butter"
T1295,2026-08-07,"Diapers,Beer,Butter"
T1296,2026-07-23,Coffee
T1297,2026-08-05,"Coffee,Nutella,Snacks"
T1298,2026-07-15,Butter
T1299,2026-07-29,Cheese
T1300,2026-07-25,"Beer,Diapers,Snacks"
T1301,2026-08-04,"Nutella,Coffee,Diapers"
T1302,2026-07-28,Eggs
T1303,2026-07-30,"Cheese,Diapers,Beer,Coffee"
T1304,2026-07-16,"Beer,Eggs,Wine"
T1305,2026-07-19,"Beer,Diapers,Snacks"
T1306,2026-08-06,"Bread,Butter"
T1307,2026-08-02,"Beer,Diapers,Snacks"
T1308,2026-08-07,"Snacks,Diapers,Coffee"
T1309,2026-07-31,"Milk,Bread,Butter"
T1310,2026-08-10,"Nutella,Milk,Snacks"
T1311,2026-07-24,Butter
T1312,2026-07-21,"Snacks,Diapers,Nutella,Eggs"
T1313,2026-07-26,"Beer,Diapers,Snacks"
T1314,2026-08-01,"Beer,Diapers"
T1315,2026-07-16,Eggs
T1316,2026-07-14,"Bread,Eggs,Snacks,Milk,Butter"
T1317,2026-07-28,"Milk,Diapers,Beer,Nutella"
T1318,2026-07-17,"Eggs,Coffee"
T1319,2026-07-31,"Bread,Eggs,Snacks,Cheese,Butter"
T1320,2026-08-01,"Beer,Diapers,Snacks"
T1321,2026-07-13,"Beer,Wine"
T1322,2026-07-19,"Beer,Diapers"
T1323,2026-07-28,"Milk,Beer,Coffee,Nutella"
T1324,2026-07-27,"Wine,Cheese,Snacks"
T1325,2026-08-12,"Beer,Bread,Butter"
T1326,2026-08-03,"Nutella,Eggs,Bread,Butter"
T1327,2026-08-11,"Bread,Snacks,Butter"
T1328,2026-07-21,"Cheese,Milk,Diapers"
T1329,2026-07-17,"Cheese,Coffee"
T1330,2026-07-18,"Beer,Diapers,Snacks"
T1331,2026-08-02,"Beer,Diapers,Snacks"
T1332,2026-07-31,"Wine,Coffee,Milk"
T1333,2026-08-07,Milk
T1334,2026-08-02,"Beer,Diapers"
T1335,2026-08-09,"Beer,Diapers"
T1336,2026-08-05,Eggs
T1337,2026-08-06,Cheese
T1338,2026-07-19,"Beer,Diapers"
T1339,2026-08-03,"Milk,Coffee,Beer,Nutella"
T1340,2026-08-01,"Beer,Diapers,Snacks"
T1341,2026-07-21,Nutella
T1342,2026-07-28,"Eggs,Coffee"
T1343,2026-08-04,Nutella
T1344,2026-07-25,"Beer,Diapers"
T1345,2026-07-23,"Butter,Beer,Cheese"
T1346,2026-08-05,"Milk,Nutella,Beer,Coffee"
T1347,2026-07-26,"Beer,Diapers,Snacks"
T1348,2026-07-31,"Wine,Milk,Butter,Beer"
T1349,2026-07-14,"Coffee,Cheese"
T1350,2026-08-08,"Beer,Diapers,Snacks"
T1351,2026-07-17,"Milk,Nutella,Wine,Butter"
T1352,2026-07-29,"Coffee,Beer"
T1353,2026-07-27,"Snacks,Bread,Eggs"
T1354,2026-07-23,Milk
T1355,2026-07-14,"Snacks,Nutella"
T1356,2026-07-29,"Snacks,Milk"
T1357,2026-07-15,Wine
T1358,2026-07-18,"Beer,Diapers,Snacks"
T1359,2026-07-27,Beer
T1360,2026-08-05,"Eggs,Coffee,Beer,Bread,Butter"
T1361,2026-07-25,"Beer,Diapers"
T1362,2026-07-18,"Beer,Diapers,Snacks"
T1363,2026-08-05,"Cheese,Bread,Butter"
T1364,2026-07-17,Bread
T1365,2026-08-12,"Beer,Wine,Coffee"
T1366,2026-07-24,Butter
T1367,2026-07-31,"Cheese,Nutella"
T1368,2026-07-25,"Beer,Diapers,Snacks"
T1369,2026-08-04,"Snacks,Wine,Diapers,Coffee"
T1370,2026-08-02,"Beer,Diapers"
T1371,2026-08-02,"Beer,Diapers,Snacks"
T1372,2026-07-30,Milk
T1373,2026-07-22,"Milk,Diapers,Nutella"
T1374,2026-07-13,"Diapers,Butter,Beer,Milk"
T1375,2026-08-08,"Beer,Diapers,Snacks"
T1376,2026-08-11,Wine
T1377,2026-08-02,"Beer,Diapers"
T1378,2026-08-09,"Beer,Diapers"
T1379,2026-08-01,"Beer,Diapers"
T1380,2026-07-18,"Beer,Diapers"
T1381,2026-07-28,"Beer,Wine,Milk,Snacks"
T1382,2026-07-22,"Milk,Coffee,Beer,Eggs"
T1383,2026-08-09,"Beer,Diapers,Snacks"
T1384,2026-07-23,"Butter,Bread,Beer,Diapers"
T1385,2026-08-11,"Snacks,Eggs,Milk,Butter"
T1386,2026-08-04,"Beer,Diapers,Milk"
T1387,2026-08-08,"Beer,Diapers"
T1388,2026-07-26,"Beer,Diapers"
T1389,2026-07-16,"Milk,Snacks,Cheese,Coffee"
T1390,2026-07-23,"Beer,Butter,Coffee,Cheese"
T1391,2026-07-29,"Bread,Coffee,Wine,Butter"
T1392,2026-07-13,"Snacks,Butter"
T1393,2026-08-07,"Milk,Coffee,Wine,Diapers"
T1394,2026-07-24,"Coffee,Eggs,Diapers,Milk"
T1395,2026-07-29,"Beer,Milk,Snacks"
T1396,2026-07-25,"Beer,Diapers,Snacks"
T1397,2026-07-28,Coffee
T1398,2026-08-09,"Beer,Diapers,Snacks"
T1399,2026-07-15,"Coffee,Snacks,Diapers"
T1400,2026-07-15,"Coffee,Snacks"
T1401,2026-07-28,Eggs
T1402,2026-08-12,"Snacks,Milk"
T1403,2026-08-03,"Diapers,Eggs,Beer,Cheese"
T1404,2026-08-08,"Beer,Diapers,Snacks"
T1405,2026-07-29,"Bread,Butter"
T1406,2026-07-17,"Nutella,Butter"
T1407,2026-07-18,"Beer,Diapers"
T1408,2026-08-06,Cheese
T1409,2026-07-27,"Beer,Diapers"
T1410,2026-07-24,"Beer,Cheese,Snacks,Butter"
T1411,2026-07-18,"Beer,Diapers"
T1412,2026-08-11,"Milk,Eggs"
T1413,2026-08-09,"Beer,Diapers"
T1414,2026-07-16,"Butter,Eggs,Nutella"
T1415,2026-08-07,Coffee
T1416,2026-07-17,Cheese
T1417,2026-07-27,"Snacks,Cheese"
T1418,2026-08-07,"Snacks,Nutella"
T1419,2026-08-10,"Snacks,Cheese"
T1420,2026-08-06,"Cheese,Diapers"
T1421,2026-08-03,"Milk,Snacks"
T1422,2026-07-27,"Butter,Snacks,Wine"
T1423,2026-07-21,"Bread,Eggs,Butter"
T1424,2026-07-16,Eggs
T1425,2026-07-15,"Beer,Bread,Cheese,Butter"
T1426,2026-08-10,"Butter,Beer,Coffee,Nutella"
T1427,2026-08-09,"Beer,Diapers,Snacks"
T1428,2026-07-29,"Eggs,Butter"
T1429,2026-08-07,"Coffee,Nutella,Butter,Eggs"
T1430,2026-07-19,"Beer,Diapers"
T1431,2026-08-03,"Butter,Wine,Milk,Beer"
T1432,2026-07-28,"Milk,Coffee"
T1433,2026-07-14,"Wine,Diapers,Eggs"
T1434,2026-07-14,"Coffee,Beer"
T1435,2026-08-11,"Milk,Diapers,Eggs"
T1436,2026-07-30,"Beer,Nutella"
T1437,2026-08-12,"Bread,Diapers,Milk,Butter"
T1438,2026-07-25,"Beer,Diapers,Snacks"
T1439,2026-07-13,"Wine,Milk,Cheese"
T1440,2026-07-15,"Coffee,Beer,Wine,Milk"
T1441,2026-07-31,"Cheese,Butter,Eggs,Beer"
T1442,2026-07-30,"Diapers,Wine,Eggs,Coffee"
T1443,2026-07-28,"Snacks,Bread,Milk,Butter"
T1444,2026-08-12,"Eggs,Diapers"
T1445,2026-07-29,"Bread,Snacks,Milk,Butter"
T1446,2026-08-01,"Beer,Diapers"
T1447,2026-08-02,"Beer,Diapers"
T1448,2026-07-21,"Butter,Beer,Snacks,Bread"
T1449,2026-07-27,"Butter,Nutella"
T1450,2026-07-28,"Cheese,Eggs,Wine,Snacks"
T1451,2026-07-18,"Beer,Diapers"
T1452,2026-07-31,Beer
T1453,2026-07-17,"Diapers,Bread,Milk,Butter"
T1454,2026-08-04,"Butter,Nutella,Coffee,Beer"
T1455,2026-07-25,"Beer,Diapers"
T1456,2026-07-30,"Diapers,Wine,Bread,Snacks"
T1457,2026-08-04,Cheese
T1458,2026-07-14,Milk
T1459,2026-08-03,"Diapers,Snacks,Milk"
T1460,2026-07-22,"Nutella,Eggs,Butter"
T1461,2026-08-09,"Beer,Diapers,Snacks"
T1462,2026-07-13,"Coffee,Wine,Butter,Milk"
T1463,2026-07-23,"Nutella,Wine"
T1464,2026-08-05,"Nutella,Bread,Diapers"
T1465,2026-07-24,"Cheese,Beer,Diapers,Butter"
T1466,2026-07-24,Nutella
T1467,2026-08-09,"Beer,Diapers,Snacks"
T1468,2026-08-07,Butter
T1469,2026-07-15,"Milk,Beer,Bread,Wine,Butter"
T1470,2026-07-29,"Wine,Diapers"
T1471,2026-08-06,"Coffee,Cheese,Wine"
T1472,2026-07-15,"Nutella,Snacks,Diapers,Bread"
T1473,2026-08-05,"Eggs,Nutella,Snacks,Diapers"
T1474,2026-07-30,"Milk,Snacks"
T1475,2026-07-23,Coffee
T1476,2026-08-06,"Beer,Bread,Butter"
T1477,2026-08-11,"Beer,Nutella"
T1478,2026-08-09,"Beer,Diapers,Snacks"
T1479,2026-08-06,"Nutella,Coffee,Beer,Butter"
T1480,2026-08-08,"Beer,Diapers"
T1481,2026-07-26,"Beer,Diapers"
T1482,2026-08-08,"Beer,Diapers"
T1483,2026-08-12,"Coffee,Beer,Butter,Wine"
T1484,2026-08-07,"Cheese,Snacks,Wine,Coffee"
T1485,2026-07-21,"Snacks,Butter,Diapers,Bread"
T1486,2026-08-06,"Coffee,Bread,Butter,Nutella"
T1487,2026-08-08,"Beer,Diapers,Snacks"
T1488,2026-08-01,"Beer,Diapers"
T1489,2026-07-18,"Beer,Diapers,Snacks"
T1490,2026-08-12,"Snacks,Milk,Bread,Butter"
T1491,2026-07-22,"Butter,Beer,Eggs,Snacks"
T1492,2026-07-21,"Diapers,Bread,Wine"
T1493,2026-07-18,"Beer,Diapers,Snacks"
T1494,2026-07-15,"Beer,Bread"
T1495,2026-07-20,Beer
T1496,2026-07-25,"Beer,Diapers"
T1497,2026-08-02,"Beer,Diapers"
T1498,2026-07-18,"Beer,Diapers,Snacks"
T1499,2026-07-23,"Cheese,Beer,Coffee"
T1500,2026-07-14,"Coffee,Snacks"
T1501,2026-08-01,"Beer,Diapers,Snacks"
T1502,2026-08-12,"Coffee,Cheese,Beer,Butter"
T1503,2026-07-29,"Milk,Diapers"
T1504,2026-08-12,"Snacks,Eggs,Coffee,Butter"
T1505,2026-08-10,"Milk,Eggs"
T1506,2026-08-03,"Bread,Nutella,Butter"
T1507,2026-07-16,"Diapers,Wine,Milk"
T1508,2026-08-04,Butter
T1509,2026-07-20,"Beer,Milk,Snacks,Coffee"
T1510,2026-07-25,"Beer,Diapers,Snacks"
T1511,2026-08-10,"Cheese,Snacks"
T1512,2026-08-12,"Coffee,Eggs"
T1513,2026-08-02,"Beer,Diapers"
T1514,2026-08-03,"Milk,Eggs"
T1515,2026-08-08,"Beer,Diapers"
T1516,2026-08-03,"Snacks,Cheese,Nutella,Coffee"
T1517,2026-08-12,"Cheese,Wine,Nutella"
T1518,2026-07-27,"Bread,Butter"
T1519,2026-07-16,"Milk,Bread,Cheese"
T1520,2026-07-31,"Snacks,Beer,Wine"
T1521,2026-07-29,Cheese
T1522,2026-08-01,"Beer,Diapers,Snacks"
T1523,2026-07-26,"Beer,Diapers,Snacks"
T1524,2026-07-18,"Beer,Diapers"
T1525,2026-07-22,Nutella
T1526,2026-07-22,"Snacks,Bread,Coffee,Wine,Butter"
T1527,2026-08-03,"Eggs,Bread,Snacks"
T1528,2026-07-24,"Snacks,Wine,Eggs"
T1529,2026-07-23,"Nutella,Eggs"
T1530,2026-08-11,"Butter,Snacks,Cheese,Bread"
T1531,2026-07-17,Milk
T1532,2026-07-15,Coffee
T1533,2026-07-18,"Beer,Diapers,Snacks"
T1534,2026-08-03,"Diapers,Nutella,Snacks"
T1535,2026-08-10,"Milk,Beer,Cheese,Coffee"
T1536,2026-07-15,Butter
T1537,2026-08-09,"Beer,Diapers,Snacks"
T1538,2026-08-11,"Bread,Butter"
T1539,2026-07-20,"Cheese,Diapers,Snacks,Butter"
T1540,2026-08-01,"Beer,Diapers"
T1541,2026-07-16,"Bread,Butter,Nutella"
T1542,2026-07-15,"Milk,Butter"
T1543,2026-07-21,"Snacks,Diapers,Coffee,Nutella"
T1544,2026-07-22,Eggs
T1545,2026-07-15,"Beer,Milk,Coffee,Wine"
T1546,2026-07-19,"Beer,Diapers"
T1547,2026-07-22,"Cheese,Wine"
T1548,2026-07-27,"Diapers,Bread,Butter"
T1549,2026-08-06,"Eggs,Bread"
T1550,2026-08-12,"Coffee,Snacks,Bread,Butter"
T1551,2026-08-01,"Beer,Diapers"
T1552,2026-07-15,Snacks
T1553,2026-07-21,"Nutella,Beer,Milk"
T1554,2026-08-02,"Beer,Diapers"
T1555,2026-08-12,"Nutella,Wine,Snacks"
T1556,2026-07-18,"Beer,Diapers,Snacks"
T1557,2026-08-01,"Beer,Diapers,Snacks"
T1558,2026-07-16,"Eggs,Butter"
T1559,2026-08-08,"Beer,Diapers,Snacks"
T1560,2026-08-11,Nutella
T1561,2026-07-14,"Nutella,Cheese,Eggs,Snacks"
T1562,2026-07-16,"Coffee,Eggs,Butter"
T1563,2026-08-10,"Milk,Eggs"
T1564,2026-08-07,"Bread,Eggs,Milk,Butter"
T1565,2026-07-14,"Beer,Eggs"
T1566,2026-08-04,Beer
T1567,2026-08-02,"Beer,Diapers,Snacks"
T1568,2026-08-01,"Beer,Diapers,Snacks"
T1569,2026-08-08,"Beer,Diapers"
T1570,2026-07-24,"Nutella,Butter,Wine,Beer"
T1571,2026-07-14,"Coffee,Bread,Cheese,Butter"
T1572,2026-08-09,"Beer,Diapers"
T1573,2026-07-17,"Wine,Beer"
T1574,2026-07-31,"Butter,Coffee"
T1575,2026-07-29,Butter
T1576,2026-07-18,"Beer,Diapers,Snacks"
T1577,2026-08-02,"Beer,Diapers"
T1578,2026-08-09,"Beer,Diapers"
T1579,2026-07-16,"Diapers,Cheese,Coffee,Eggs"
T1580,2026-08-12,"Snacks,Cheese,Wine,Nutella"
T1581,2026-07-25,"Beer,Diapers,Snacks"
T1582,2026-07-14,"Butter,Beer,Eggs"
T1583,2026-07-13,Coffee
T1584,2026-07-26,"Beer,Diapers"
T1585,2026-07-15,"Bread,Butter"
T1586,2026-08-09,"Beer,Diapers"
T1587,2026-07-25,"Beer,Diapers,Snacks"
T1588,2026-07-31,"Cheese,Diapers,Coffee,Beer"
T1589,2026-07-24,"Diapers,Butter,Cheese"
T1590,2026-07-30,"Milk,Nutella,Beer,Wine"
T1591,2026-08-08,"Beer,Diapers"
T1592,2026-07-30,"Cheese,Bread,Snacks,Wine,Butter"
T1593,2026-07-23,"Eggs,Snacks,Nutella"
T1594,2026-08-12,Diapers
T1595,2026-08-01,"Beer,Diapers"
T1596,2026-07-28,"Wine,Cheese,Eggs,Butter"
T1597,2026-08-02,"Beer,Diapers"
T1598,2026-07-25,"Beer,Diapers"
T1599,2026-08-08,"Beer,Diapers"
T1600,2026-07-28,Wine
T1601,2026-08-11,"Beer,Butter,Bread"
T1602,2026-07-19,"Beer,Diapers,Snacks"
T1603,2026-07-13,"Bread,Butter"
T1604,2026-07-28,Beer
T1605,2026-07-21,"Diapers,Eggs,Nutella,Cheese"
T1606,2026-07-22,"Milk,Eggs"
T1607,2026-08-08,"Beer,Diapers"
T1608,2026-07-27,"Beer,Nutella,Coffee,Butter"
T1609,2026-08-10,"Cheese,Snacks"
T1610,2026-07-20,"Wine,Eggs"
T1611,2026-08-05,"Milk,Beer,Diapers,Wine"
T1612,2026-08-07,"Butter,Milk"
T1613,2026-07-19,"Beer,Diapers"
T1614,2026-07-25,"Beer,Diapers"
T1615,2026-08-08,"Beer,Diapers,Snacks"
T1616,2026-07-24,"Cheese,Butter"
T1617,2026-07-16,"Snacks,Beer,Butter"
T1618,2026-07-18,"Beer,Diapers"
T1619,2026-07-16,"Snacks,Bread,Wine,Coffee"
T1620,2026-07-15,"Diapers,Eggs,Snacks"
T1621,2026-07-19,"Beer,Diapers"
T1622,2026-07-15,"Coffee,Wine"
T1623,2026-08-01,"Beer,Diapers"
T1624,2026-08-04,"Coffee,Wine,Bread,Butter"
T1625,2026-08-10,"Eggs,Snacks"
T1626,2026-07-23,"Snacks,Beer,Butter,Nutella"
T1627,2026-07-30,Coffee
T1628,2026-08-10,Milk
T1629,2026-08-01,"Beer,Diapers,Snacks"
T1630,2026-07-24,"Beer,Bread,Butter"
T1631,2026-07-23,"Beer,Cheese"
T1632,2026-07-28,"Eggs,Nutella,Diapers"
T1633,2026-07-22,"Diapers,Cheese"
T1634,2026-08-09,"Beer,Diapers,Snacks"
T1635,2026-08-12,Cheese
T1636,2026-08-10,"Beer,Diapers,Bread"
T1637,2026-08-04,"Bread,Nutella,Milk,Butter"
T1638,2026-08-02,"Beer,Diapers"
T1639,2026-08-02,"Beer,Diapers,Snacks"
T1640,2026-07-18,"Beer,Diapers,Snacks"
T1641,2026-07-13,Butter
T1642,2026-08-11,"Snacks,Butter"
T1643,2026-08-06,Cheese
T1644,2026-08-04,"Butter,Nutella,Milk,Snacks"
T1645,2026-07-27,Eggs
T1646,2026-08-08,"Beer,Diapers"
T1647,2026-07-20,"Cheese,Beer,Bread,Butter"
T1648,2026-07-24,"Snacks,Beer,Diapers"
T1649,2026-08-11,"Snacks,Beer,Milk"
T1650,2026-07-17,"Nutella,Milk,Cheese"
T1651,2026-08-12,"Snacks,Coffee,Eggs"
T1652,2026-07-23,"Bread,Snacks,Milk,Wine"
T1653,2026-07-15,"Cheese,Butter,Coffee"
T1654,2026-07-13,"Diapers,Butter,Milk"
T1655,2026-08-07,Beer
T1656,2026-07-26,"Beer,Diapers,Snacks"
T1657,2026-08-06,"Snacks,Bread,Nutella,Cheese"
T1658,2026-08-08,"Beer,Diapers"
T1659,2026-07-18,"Beer,Diapers,Snacks"
T1660,2026-07-24,"Cheese,Bread,Eggs,Coffee,Butter"
T1661,2026-07-26,"Beer,Diapers"
T1662,2026-07-19,"Beer,Diapers"
T1663,2026-08-01,"Beer,Diapers,Snacks"
T1664,2026-07-23,"Bread,Coffee,Butter"
T1665,2026-07-17,"Beer,Diapers"
T1666,2026-08-06,"Butter,Wine"
T1667,2026-08-06,"Butter,Nutella,Wine,Snacks"
T1668,2026-07-20,"Diapers,Butter,Beer,Bread"
T1669,2026-07-26,"Beer,Diapers"
T1670,2026-07-24,"Nutella,Milk"
T1671,2026-08-07,Snacks
T1672,2026-08-02,"Beer,Diapers,Snacks"
T1673,2026-07-14,Snacks
T1674,2026-07-18,"Beer,Diapers"
T1675,2026-08-01,"Beer,Diapers,Snacks"
T1676,2026-07-29,Eggs
T1677,2026-07-14,"Diapers,Milk,Butter,Nutella"
T1678,2026-07-27,"Bread,Butter"
T1679,2026-07-19,"Beer,Diapers"
T1680,2026-07-26,"Beer,Diapers"
T1681,2026-08-05,Cheese
T1682,2026-08-08,"Beer,Diapers"
T1683,2026-07-18,"Beer,Diapers"
T1684,2026-08-04,"Beer,Coffee"
T1685,2026-07-25,"Beer,Diapers,Snacks"
T1686,2026-08-12,Snacks
T1687,2026-08-02,"Beer,Diapers,Snacks"
T1688,2026-08-07,"Bread,Snacks,Nutella,Butter"
T1689,2026-07-19,"Beer,Diapers"
T1690,2026-07-27,"Beer,Bread,Wine,Butter"
T1691,2026-07-25,"Beer,Diapers"
T1692,2026-07-26,"Beer,Diapers"
T1693,2026-07-28,Beer
T1694,2026-08-06,"Beer,Coffee,Cheese"
T1695,2026-08-05,"Beer,Bread,Butter"
T1696,2026-07-20,"Coffee,Bread,Butter"
T1697,2026-08-12,"Diapers,Coffee,Bread"
T1698,2026-07-28,"Eggs,Milk,Nutella,Beer"
T1699,2026-08-08,"Beer,Diapers,Snacks"
T1700,2026-08-02,"Beer,Diapers,Snacks"
T1701,2026-07-19,"Beer,Diapers"
T1702,2026-07-19,"Beer,Diapers,Snacks"
T1703,2026-07-18,"Beer,Diapers"
T1704,2026-07-30,"Cheese,Bread,Butter,Snacks"
T1705,2026-07-28,Milk
T1706,2026-07-14,Eggs
T1707,2026-07-23,Cheese
T1708,2026-07-30,"Milk,Diapers,Snacks,Nutella"
T1709,2026-08-11,"Nutella,Coffee"
T1710,2026-07-19,"Beer,Diapers,Snacks"
T1711,2026-08-08,"Beer,Diapers"
T1712,2026-08-07,"Nutella,Eggs,Diapers,Milk"
T1713,2026-08-06,"Eggs,Wine,Milk,Snacks"
T1714,2026-08-04,"Milk,Beer"
T1715,2026-07-16,"Cheese,Milk,Diapers"
T1716,2026-07-22,"Coffee,Nutella,Diapers,Snacks"
T1717,2026-07-18,"Beer,Diapers,Snacks"
T1718,2026-08-03,"Nutella,Snacks,Bread,Coffee"
T1719,2026-07-26,"Beer,Diapers,Snacks"
T1720,2026-07-18,"Beer,Diapers"
T1721,2026-07-29,"Beer,Nutella,Snacks"
T1722,2026-07-21,"Snacks,Wine"
T1723,2026-07-26,"Beer,Diapers,Snacks"
T1724,2026-07-24,"Bread,Wine,Nutella"
T1725,2026-08-09,"Beer,Diapers"
T1726,2026-07-25,"Beer,Diapers"
T1727,2026-08-06,"Wine,Diapers,Nutella,Cheese"
T1728,2026-08-02,"Beer,Diapers"
T1729,2026-07-27,Nutella
T1730,2026-08-04,Diapers
T1731,2026-08-11,"Diapers,Eggs,Nutella,Wine"
T1732,2026-07-18,"Beer,Diapers"
T1733,2026-07-23,"Milk,Butter,Snacks,Eggs"
T1734,2026-07-24,"Cheese,Diapers,Beer,Butter"
T1735,2026-07-26,"Beer,Diapers"
T1736,2026-08-02,"Beer,Diapers,Snacks"
T1737,2026-07-14,"Bread,Snacks,Cheese,Nutella"
T1738,2026-08-04,"Diapers,Snacks"
T1739,2026-07-27,Snacks
T1740,2026-08-02,"Beer,Diapers,Snacks"
T1741,2026-08-10,Coffee
T1742,2026-07-19,"Beer,Diapers"
T1743,2026-07-19,"Beer,Diapers,Snacks"
T1744,2026-07-28,"Snacks,Milk,Bread,Butter"
T1745,2026-07-30,"Butter,Bread,Diapers"
T1746,2026-07-15,"Diapers,Butter,Nutella"
T1747,2026-08-01,"Beer,Diapers,Snacks"
T1748,2026-08-08,"Beer,Diapers,Snacks"
T1749,2026-07-15,"Milk,Butter,Diapers"
T1750,2026-07-31,Butter
T1751,2026-07-27,"Nutella,Beer"
T1752,2026-07-23,"Eggs,Diapers"
T1753,2026-08-09,"Beer,Diapers,Snacks"
T1754,2026-07-31,"Cheese,Butter"
T1755,2026-07-20,Cheese
T1756,2026-07-13,"Wine,Milk,Bread,Cheese"
T1757,2026-08-09,"Beer,Diapers"
T1758,2026-08-11,Bread
T1759,2026-08-01,"Beer,Diapers,Snacks"
T1760,2026-07-19,"Beer,Diapers"
T1761,2026-07-21,"Coffee,Wine,Eggs,Milk"
T1762,2026-08-12,Eggs
T1763,2026-08-03,"Wine,Cheese,Bread"
T1764,2026-08-06,"Nutella,Cheese,Wine,Snacks"
T1765,2026-07-29,"Butter,Bread,Coffee,Beer"
T1766,2026-08-08,"Beer,Diapers,Snacks"
T1767,2026-07-31,"Butter,Snacks,Cheese"
T1768,2026-07-21,"Coffee,Milk,Cheese,Eggs"
T1769,2026-07-28,"Coffee,Beer,Diapers"
T1770,2026-08-01,"Beer,Diapers,Snacks"
T1771,2026-08-02,"Beer,Diapers"
T1772,2026-08-01,"Beer,Diapers"
T1773,2026-07-20,Eggs
T1774,2026-07-27,"Coffee,Nutella"
T1775,2026-07-20,Wine
T1776,2026-07-26,"Beer,Diapers,Snacks"
T1777,2026-07-20,"Diapers,Eggs"
T1778,2026-08-05,"Wine,Snacks,Beer"
T1779,2026-07-29,"Milk,Nutella,Bread,Butter"
T1780,2026-07-29,"Wine,Snacks"
T1781,2026-07-25,"Beer,Diapers,Snacks"
T1782,2026-08-06,Snacks
T1783,2026-08-03,"Nutella,Wine,Coffee,Beer"
T1784,2026-08-11,"Snacks,Eggs,Beer"
T1785,2026-07-24,"Snacks,Cheese,Bread"
T1786,2026-08-04,"Diapers,Cheese"
T1787,2026-07-23,"Diapers,Milk,Butter,Beer"
T1788,2026-08-01,"Beer,Diapers,Snacks"
T1789,2026-07-30,Snacks
T1790,2026-08-03,"Bread,Beer,Butter"
T1791,2026-08-08,"Beer,Diapers,Snacks"
T1792,2026-08-05,"Diapers,Eggs,Milk"
T1793,2026-07-30,"Butter,Beer"
T1794,2026-07-29,"Bread,Diapers,Milk,Nutella,Butter"
T1795,2026-07-15,"Nutella,Butter,Eggs"
T1796,2026-07-29,"Diapers,Wine,Snacks,Butter"
T1797,2026-07-30,"Milk,Cheese"
T1798,2026-07-19,"Beer,Diapers,Snacks"
T1799,2026-07-29,Diapers
T1800,2026-07-17,"Cheese,Eggs"
T1801,2026-08-09,"Beer,Diapers"
T1802,2026-08-11,Nutella
T1803,2026-08-04,"Butter,Milk"
T1804,2026-07-19,"Beer,Diapers,Snacks"
T1805,2026-08-01,"Beer,Diapers"
T1806,2026-07-15,Cheese
T1807,2026-07-15,Bread
T1808,2026-08-08,"Beer,Diapers,Snacks"
T1809,2026-07-14,"Beer,Milk,Butter"
T1810,2026-07-16,"Coffee,Milk,Eggs,Snacks"
T1811,2026-07-26,"Beer,Diapers"
T1812,2026-07-26,"Beer,Diapers,Snacks"
T1813,2026-07-22,"Butter,Milk,Diapers,Bread"
T1814,2026-07-28,"Cheese,Beer"
T1815,2026-07-21,"Bread,Coffee,Butter"
T1816,2026-07-23,"Snacks,Cheese,Eggs"
T1817,2026-07-14,"Bread,Beer,Butter"
T1818,2026-08-09,"Beer,Diapers,Snacks"
T1819,2026-07-14,"Butter,Eggs"
T1820,2026-07-31,Coffee
T1821,2026-07-23,"Bread,Diapers,Milk,Butter"
T1822,2026-07-31,Diapers
T1823,2026-07-17,Beer
T1824,2026-07-16,Coffee
T1825,2026-07-14,"Nutella,Snacks"
T1826,2026-07-26,"Beer,Diapers,Snacks"
T1827,2026-07-14,"Milk,Wine"
T1828,2026-08-11,"Butter,Snacks,Wine,Bread"
T1829,2026-07-18,"Beer,Diapers,Snacks"
T1830,2026-08-02,"Beer,Diapers"
T1831,2026-08-10,"Nutella,Butter"
T1832,2026-07-20,"Nutella,Diapers,Butter,Milk"
T1833,2026-07-17,"Milk,Cheese"
T1834,2026-07-20,"Butter,Milk,Eggs"
T1835,2026-08-08,"Beer,Diapers,Snacks"
T1836,2026-07-13,"Snacks,Wine,Butter,Eggs"
T1837,2026-07-22,"Eggs,Nutella"
T1838,2026-07-22,"Eggs,Cheese"
T1839,2026-07-18,"Beer,Diapers,Snacks"
T1840,2026-07-24,"Butter,Milk,Coffee"
T1841,2026-08-07,"Eggs,Milk,Butter"
T1842,2026-08-08,"Beer,Diapers,Snacks"
T1843,2026-08-07,Butter
T1844,2026-07-14,"Coffee,Milk"
T1845,2026-08-11,"Coffee,Milk"
T1846,2026-07-31,Nutella
T1847,2026-07-23,"Diapers,Cheese"
T1848,2026-08-09,"Beer,Diapers"
T1849,2026-07-22,"Cheese,Butter,Bread"
T1850,2026-08-11,"Coffee,Beer,Cheese"
T1851,2026-08-11,"Cheese,Beer,Milk"
T1852,2026-08-11,"Wine,Beer,Snacks"
T1853,2026-07-19,"Beer,Diapers"
T1854,2026-07-15,"Cheese,Butter,Nutella,Eggs"
T1855,2026-08-01,"Beer,Diapers"
T1856,2026-07-26,"Beer,Diapers"
T1857,2026-08-04,"Snacks,Bread,Milk,Butter"
T1858,2026-08-02,"Beer,Diapers"
T1859,2026-08-07,"Milk,Nutella,Butter,Bread"
T1860,2026-07-19,"Beer,Diapers,Snacks"
T1861,2026-08-07,"Eggs,Milk,Butter"
T1862,2026-07-13,"Beer,Bread,Milk,Wine"
T1863,2026-07-25,"Beer,Diapers"
T1864,2026-08-11,"Butter,Eggs,Bread,Wine"
T1865,2026-08-04,"Nutella,Wine,Diapers,Beer"
T1866,2026-08-12,"Diapers,Wine,Coffee,Nutella"
T1867,2026-07-23,"Nutella,Beer"
T1868,2026-08-08,"Beer,Diapers,Snacks"
T1869,2026-07-25,"Beer,Diapers,Snacks"
T1870,2026-07-21,"Eggs,Coffee,Milk"
T1871,2026-07-13,"Coffee,Butter,Wine"
T1872,2026-07-18,"Beer,Diapers,Snacks"
T1873,2026-08-11,"Nutella,Cheese,Bread,Butter"
T1874,2026-07-16,"Bread,Eggs"
T1875,2026-07-22,"Wine,Cheese,Bread,Snacks"
T1876,2026-07-22,"Eggs,Beer,Butter,Milk"
T1877,2026-07-28,"Snacks,Beer,Coffee"
T1878,2026-08-10,Wine
T1879,2026-08-08,"Beer,Diapers"
T1880,2026-08-12,"Snacks,Coffee,Beer,Eggs"
T1881,2026-07-16,"Wine,Bread,Nutella,Eggs,Butter"
T1882,2026-08-10,Diapers
T1883,2026-07-29,"Diapers,Snacks,Cheese,Eggs"
T1884,2026-08-04,Wine
T1885,2026-07-19,"Beer,Diapers"
T1886,2026-08-02,"Beer,Diapers,Snacks"
T1887,2026-08-10,"Bread,Diapers,Beer,Butter"
T1888,2026-07-28,"Wine,Milk"
T1889,2026-07-23,"Butter,Wine"
T1890,2026-07-24,"Coffee,Nutella,Butter"
T1891,2026-08-05,Milk
T1892,2026-07-25,"Beer,Diapers"
T1893,2026-07-22,"Eggs,Bread,Milk,Nutella,Butter"
T1894,2026-07-26,"Beer,Diapers,Snacks"
T1895,2026-07-17,"Wine,Eggs,Milk,Coffee"
T1896,2026-07-25,"Beer,Diapers,Snacks"
T1897,2026-07-28,"Cheese,Diapers,Milk,Wine"
T1898,2026-08-09,"Beer,Diapers,Snacks"
T1899,2026-07-19,"Beer,Diapers"
T1900,2026-08-09,"Beer,Diapers"
T1901,2026-07-21,"Milk,Beer,Diapers,Bread,Butter"
T1902,2026-08-06,"Milk,Cheese"
T1903,2026-07-17,Wine
T1904,2026-07-20,"Butter,Wine,Beer,Diapers"
T1905,2026-07-14,"Wine,Beer,Nutella"
T1906,2026-08-08,"Beer,Diapers,Snacks"
T1907,2026-07-30,"Bread,Diapers,Beer,Eggs,Butter"
T1908,2026-07-23,"Nutella,Snacks,Wine,Bread"
T1909,2026-07-23,"Cheese,Bread,Nutella,Snacks,Butter"
T1910,2026-08-07,Cheese
T1911,2026-07-24,"Beer,Coffee"
T1912,2026-07-26,"Beer,Diapers"
T1913,2026-08-04,"Diapers,Cheese"
T1914,2026-07-30,"Coffee,Beer"
T1915,2026-07-31,"Nutella,Milk"
T1916,2026-07-24,Wine
T1917,2026-07-23,"Wine,Coffee"
T1918,2026-08-08,"Beer,Diapers"
T1919,2026-08-06,"Cheese,Coffee"
T1920,2026-07-31,Coffee
T1921,2026-07-31,"Coffee,Milk"
T1922,2026-08-02,"Beer,Diapers"
T1923,2026-08-09,"Beer,Diapers"
T1924,2026-07-29,Wine
T1925,2026-08-03,"Wine,Milk,Coffee,Nutella"
T1926,2026-08-09,"Beer,Diapers"
T1927,2026-08-08,"Beer,Diapers,Snacks"
T1928,2026-07-31,"Wine,Cheese"
T1929,2026-07-23,Butter
T1930,2026-08-08,"Beer,Diapers"
T1931,2026-07-18,"Beer,Diapers"
T1932,2026-07-24,Coffee
T1933,2026-07-30,Nutella
T1934,2026-07-18,"Beer,Diapers,Snacks"
T1935,2026-07-20,"Bread,Butter"
T1936,2026-08-10,"Coffee,Cheese,Butter"
T1937,2026-08-12,Beer
T1938,2026-08-08,"Beer,Diapers,Snacks"
T1939,2026-07-28,"Milk,Cheese"
T1940,2026-07-21,Diapers
T1941,2026-08-02,"Beer,Diapers"
T1942,2026-07-15,Butter
T1943,2026-07-27,"Bread,Nutella,Wine,Butter"
T1944,2026-08-09,"Beer,Diapers,Snacks"
T1945,2026-07-13,"Bread,Nutella,Butter"
T1946,2026-08-11,"Coffee,Wine,Diapers,Butter"
T1947,2026-07-15,"Eggs,Cheese,Milk"
T1948,2026-07-23,"Snacks,Beer,Wine"
T1949,2026-07-27,"Bread,Nutella,Diapers,Butter"
T1950,2026-07-29,"Cheese,Diapers"
T1951,2026-07-23,Butter
T1952,2026-07-14,"Diapers,Cheese,Coffee"
T1953,2026-07-15,"Diapers,Bread,Beer,Butter"
T1954,2026-08-10,"Wine,Milk,Butter"
T1955,2026-07-18,"Beer,Diapers,Snacks"
T1956,2026-07-19,"Beer,Diapers,Snacks"
T1957,2026-08-03,Wine
T1958,2026-08-01,"Beer,Diapers"
T1959,2026-08-02,"Beer,Diapers,Snacks"
T1960,2026-07-14,"Nutella,Coffee"
T1961,2026-07-29,Diapers
T1962,2026-07-26,"Beer,Diapers,Snacks"
T1963,2026-07-23,"Diapers,Butter,Wine,Eggs"
T1964,2026-07-28,Butter
T1965,2026-08-05,"Cheese,Butter,Beer"
T1966,2026-08-02,"Beer,Diapers"
T1967,2026-07-27,"Milk,Snacks,Cheese"
T1968,2026-07-25,"Beer,Diapers"
T1969,2026-08-07,"Cheese,Eggs,Wine"
T1970,2026-08-11,"Nutella,Diapers,Cheese"
T1971,2026-07-24,"Bread,Butter"
T1972,2026-07-23,Milk
T1973,2026-07-27,"Bread,Nutella,Butter"
T1974,2026-07-24,"Nutella,Coffee,Snacks"
T1975,2026-07-24,"Milk,Coffee,Eggs"
T1976,2026-08-11,"Bread,Nutella,Butter"
T1977,2026-07-28,Cheese
T1978,2026-08-07,"Nutella,Eggs"
T1979,2026-08-08,"Beer,Diapers"
T1980,2026-07-27,"Milk,Butter"
T1981,2026-07-29,"Cheese,Coffee,Milk"
T1982,2026-07-17,"Diapers,Snacks"
T1983,2026-07-29,"Eggs,Nutella,Diapers"
T1984,2026-07-18,"Beer,Diapers"
T1985,2026-07-24,Eggs
T1986,2026-07-23,"Wine,Nutella,Milk,Butter"
T1987,2026-08-10,"Wine,Snacks,Butter"
T1988,2026-07-13,"Beer,Snacks,Wine,Diapers"
T1989,2026-07-28,"Bread,Wine"
T1990,2026-08-07,"Snacks,Cheese"
T1991,2026-07-28,"Snacks,Nutella"
T1992,2026-08-01,"Beer,Diapers"
T1993,2026-08-02,"Beer,Diapers,Snacks"
T1994,2026-08-12,"Beer,Milk,Cheese"
T1995,2026-07-28,"Wine,Diapers,Butter"
T1996,2026-07-28,Nutella
T1997,2026-07-15,Cheese
T1998,2026-07-20,"Cheese,Wine"
T1999,2026-07-15,"Diapers,Beer"
T2000,2026-07-15,"Eggs,Coffee"
T2001,2026-07-17,"Nutella,Diapers"
T2002,2026-07-30,"Diapers,Beer"
T2003,2026-07-16,"Snacks,Butter,Diapers"
T2004,2026-07-24,Beer
T2005,2026-08-03,"Bread,Milk,Nutella,Snacks,Butter"
T2006,2026-07-17,"Wine,Beer,Eggs"
T2007,2026-07-24,Cheese
T2008,2026-07-24,"Coffee,Milk,Cheese,Diapers"
T2009,2026-07-17,Butter
T2010,2026-07-25,"Beer,Diapers,Snacks"
T2011,2026-07-13,"Bread,Butter"
T2012,2026-07-22,"Bread,Butter"
T2013,2026-07-31,"Milk,Wine"
T2014,2026-07-23,"Butter,Milk,Coffee"
T2015,2026-08-08,"Beer,Diapers"
T2016,2026-07-23,"Nutella,Wine,Snacks"
T2017,2026-07-22,"Butter,Diapers"
T2018,2026-08-06,"Butter,Nutella,Diapers,Eggs"
T2019,2026-07-28,"Cheese,Diapers,Milk"
T2020,2026-07-26,"Beer,Diapers,Snacks"
T2021,2026-07-13,"Beer,Milk,Coffee"
T2022,2026-07-29,"Eggs,Beer,Wine,Coffee"
T2023,2026-07-30,"Beer,Diapers"
T2024,2026-07-25,"Beer,Diapers,Snacks"
T2025,2026-07-14,Nutella
T2026,2026-07-21,"Beer,Wine,Nutella,Cheese"
T2027,2026-07-27,"Eggs,Snacks"
T2028,2026-08-10,"Beer,Coffee,Bread,Cheese,Butter"
T2029,2026-08-04,"Eggs,Nutella,Milk,Bread,Butter"
T2030,2026-07-17,"Milk,Nutella,Cheese"
T2031,2026-07-29,"Nutella,Butter"
T2032,2026-07-13,"Diapers,Cheese"
T2033,2026-07-28,"Coffee,Snacks,Beer,Nutella"
T2034,2026-07-24,"Wine,Eggs"
T2035,2026-07-21,"Coffee,Butter"
T2036,2026-08-01,"Beer,Diapers"
T2037,2026-07-28,"Butter,Coffee,Nutella"
T2038,2026-08-02,"Beer,Diapers"
T2039,2026-07-25,"Beer,Diapers,Snacks"
T2040,2026-07-19,"Beer,Diapers"
T2041,2026-08-12,"Nutella,Coffee,Snacks"
T2042,2026-07-20,"Nutella,Diapers,Eggs"
T2043,2026-07-29,Eggs
T2044,2026-07-22,"Bread,Butter,Milk"
T2045,2026-08-06,"Coffee,Butter"
T2046,2026-08-05,"Butter,Milk,Wine"
T2047,2026-08-05,"Cheese,Butter,Beer"
T2048,2026-08-02,"Beer,Diapers"
T2049,2026-08-10,"Coffee,Butter,Snacks,Eggs"
T2050,2026-08-08,"Beer,Diapers,Snacks"
T2051,2026-07-25,"Beer,Diapers,Snacks"
T2052,2026-07-27,"Nutella,Eggs,Diapers,Cheese"
T2053,2026-07-25,"Beer,Diapers"
T2054,2026-08-12,"Butter,Coffee,Milk,Bread"
T2055,2026-08-08,"Beer,Diapers,Snacks"
T2056,2026-08-04,"Beer,Butter,Eggs"
T2057,2026-08-01,"Beer,Diapers"
T2058,2026-08-07,Coffee
T2059,2026-07-22,Snacks
T2060,2026-08-10,"Bread,Butter,Diapers,Wine"
T2061,2026-07-21,Nutella
T2062,2026-08-10,Milk
T2063,2026-08-05,Eggs
T2064,2026-07-26,"Beer,Diapers,Snacks"
T2065,2026-07-29,"Coffee,Eggs,Bread,Butter"
T2066,2026-08-07,"Diapers,Bread,Butter"
T2067,2026-07-25,"Beer,Diapers,Snacks"
T2068,2026-08-02,"Beer,Diapers,Snacks"
T2069,2026-07-14,Snacks
T2070,2026-07-14,"Milk,Beer,Eggs,Nutella"
T2071,2026-08-12,"Eggs,Cheese"
T2072,2026-07-13,"Nutella,Snacks,Cheese"
T2073,2026-07-24,Cheese
T2074,2026-08-08,"Beer,Diapers"
T2075,2026-08-06,"Coffee,Eggs"
T2076,2026-07-19,"Beer,Diapers"
T2077,2026-08-06,"Diapers,Butter"
T2078,2026-07-19,"Beer,Diapers,Snacks"
T2079,2026-08-02,"Beer,Diapers,Snacks"
T2080,2026-07-26,"Beer,Diapers,Snacks"
T2081,2026-08-04,"Diapers,Nutella,Cheese"
T2082,2026-07-22,Snacks
T2083,2026-07-26,"Beer,Diapers,Snacks"
T2084,2026-07-31,"Coffee,Bread,Cheese,Snacks"
T2085,2026-07-20,"Diapers,Bread,Butter"
T2086,2026-08-03,"Bread,Wine,Beer"
T2087,2026-07-20,"Cheese,Eggs,Coffee"
T2088,2026-08-03,"Snacks,Wine,Beer"
T2089,2026-07-29,"Beer,Bread,Milk,Butter"
T2090,2026-08-03,Beer
T2091,2026-07-21,"Bread,Diapers,Nutella,Butter"
T2092,2026-07-15,Eggs
T2093,2026-07-19,"Beer,Diapers,Snacks"
T2094,2026-07-15,"Cheese,Eggs,Coffee,Bread,Butter"
T2095,2026-08-04,"Nutella,Cheese"
T2096,2026-08-12,"Butter,Coffee"
T2097,2026-07-16,"Coffee,Butter,Nutella"
T2098,2026-07-20,Eggs
T2099,2026-08-09,"Beer,Diapers,Snacks"
T2100,2026-08-08,"Beer,Diapers,Snacks"
T2101,2026-07-17,"Butter,Snacks"
T2102,2026-07-14,"Butter,Coffee"
T2103,2026-07-23,"Milk,Eggs,Butter"
T2104,2026-07-21,"Cheese,Milk"
T2105,2026-07-29,"Butter,Nutella"
T2106,2026-07-13,Snacks
T2107,2026-07-16,"Wine,Butter,Beer,Bread"
T2108,2026-07-23,"Snacks,Wine,Beer,Cheese"
T2109,2026-08-11,"Wine,Diapers"
T2110,2026-07-31,"Coffee,Eggs,Wine,Bread,Butter"
T2111,2026-07-15,"Butter,Nutella,Snacks"
T2112,2026-07-13,"Wine,Cheese,Nutella,Butter"
T2113,2026-07-31,"Beer,Milk"
T2114,2026-08-03,"Coffee,Cheese,Nutella"
T2115,2026-07-26,"Beer,Diapers,Snacks"
T2116,2026-07-16,"Wine,Bread,Snacks,Butter"
T2117,2026-07-15,"Wine,Milk"
T2118,2026-07-24,Nutella
T2119,2026-08-03,Milk
T2120,2026-07-18,"Beer,Diapers"
T2121,2026-07-17,"Snacks,Eggs,Coffee,Wine"
T2122,2026-08-02,"Beer,Diapers,Snacks"
T2123,2026-07-20,"Coffee,Butter"
T2124,2026-08-03,Diapers
T2125,2026-08-07,Beer
T2126,2026-08-02,"Beer,Diapers,Snacks"
T2127,2026-07-15,"Coffee,Milk"
T2128,2026-07-18,"Beer,Diapers"
T2129,2026-07-13,"Snacks,Diapers"
T2130,2026-07-15,"Wine,Coffee,Nutella,Bread,Butter"
T2131,2026-07-18,"Beer,Diapers"
T2132,2026-07-27,"Diapers,Beer,Milk,Butter"
T2133,2026-07-25,"Beer,Diapers"
T2134,2026-07-22,"Eggs,Coffee"
T2135,2026-08-01,"Beer,Diapers"
T2136,2026-07-20,Butter
T2137,2026-07-27,Cheese
T2138,2026-07-18,"Beer,Diapers"
T2139,2026-07-27,Eggs
T2140,2026-07-29,Coffee
T2141,2026-08-02,"Beer,Diapers"
T2142,2026-08-03,"Wine,Bread,Beer"
T2143,2026-07-23,Snacks
T2144,2026-07-27,"Beer,Diapers,Nutella"
T2145,2026-08-04,"Bread,Butter,Wine"
T2146,2026-07-14,Snacks
T2147,2026-08-08,"Beer,Diapers,Snacks"
T2148,2026-08-12,"Coffee,Nutella,Cheese,Butter"
T2149,2026-08-06,"Butter,Milk,Wine"
T2150,2026-08-12,"Cheese,Coffee,Snacks"
T2151,2026-07-26,"Beer,Diapers,Snacks"
T2152,2026-07-22,Wine
T2153,2026-07-29,Diapers
T2154,2026-08-05,"Milk,Coffee"
T2155,2026-07-23,"Coffee,Bread,Butter"
T2156,2026-07-20,Wine
T2157,2026-07-25,"Beer,Diapers,Snacks"
T2158,2026-07-18,"Beer,Diapers"
T2159,2026-07-31,"Cheese,Coffee"
T2160,2026-07-26,"Beer,Diapers"
T2161,2026-07-24,"Cheese,Bread,Butter"
T2162,2026-07-19,"Beer,Diapers"
T2163,2026-07-23,"Nutella,Butter"
T2164,2026-07-14,"Eggs,Beer,Nutella"
T2165,2026-07-29,"Coffee,Wine,Milk"
T2166,2026-08-03,"Coffee,Cheese"
T2167,2026-07-26,"Beer,Diapers"
T2168,2026-07-22,"Coffee,Eggs,Butter"
T2169,2026-08-02,"Beer,Diapers,Snacks"
T2170,2026-07-31,"Wine,Beer,Coffee"
T2171,2026-07-21,Milk
T2172,2026-07-20,"Snacks,Beer,Cheese,Bread,Butter"
T2173,2026-07-17,Cheese
T2174,2026-08-02,"Beer,Diapers,Snacks"
T2175,2026-08-12,"Snacks,Nutella"
T2176,2026-07-16,Beer
T2177,2026-08-06,"Butter,Bread,Diapers,Eggs"
T2178,2026-08-07,"Beer,Cheese"
T2179,2026-08-11,Wine
T2180,2026-08-06,"Snacks,Wine,Cheese"
T2181,2026-07-26,"Beer,Diapers,Snacks"
T2182,2026-07-24,"Butter,Diapers,Cheese,Milk"
T2183,2026-08-07,"Wine,Nutella,Cheese"
T2184,2026-07-14,"Bread,Eggs,Butter"
T2185,2026-08-07,Milk
T2186,2026-07-26,"Beer,Diapers"
T2187,2026-08-12,Milk
T2188,2026-08-05,"Eggs,Wine,Butter,Nutella"
T2189,2026-08-02,"Beer,Diapers"
T2190,2026-07-21,"Nutella,Milk"
T2191,2026-08-02,"Beer,Diapers,Snacks"
T2192,2026-07-30,"Cheese,Wine,Nutella"
T2193,2026-08-12,"Butter,Nutella,Bread"
T2194,2026-08-04,"Coffee,Eggs,Beer,Bread,Butter"
T2195,2026-07-28,"Bread,Beer,Butter,Nutella"
T2196,2026-07-31,"Bread,Butter"
T2197,2026-07-30,"Eggs,Nutella"
T2198,2026-07-27,"Beer,Bread,Butter"
T2199,2026-08-02,"Beer,Diapers,Snacks"
T2200,2026-07-27,"Eggs,Diapers"
T2201,2026-08-11,"Nutella,Eggs"
T2202,2026-08-04,"Eggs,Snacks,Wine"
T2203,2026-08-07,"Bread,Butter"
T2204,2026-07-14,"Milk,Beer,Diapers,Bread"
T2205,2026-08-03,"Snacks,Diapers"
T2206,2026-08-01,"Beer,Diapers,Snacks"
T2207,2026-08-11,"Nutella,Bread,Butter"
T2208,2026-08-11,"Wine,Milk"
T2209,2026-07-13,Snacks
T2210,2026-07-13,Coffee
T2211,2026-08-02,"Beer,Diapers,Snacks"
T2212,2026-07-16,"Nutella,Beer"
T2213,2026-08-01,"Beer,Diapers,Snacks"
T2214,2026-08-12,"Nutella,Bread,Snacks,Beer"
T2215,2026-07-29,"Diapers,Milk"
T2216,2026-08-12,Beer
T2217,2026-08-02,"Beer,Diapers,Snacks"
T2218,2026-07-21,Coffee
T2219,2026-07-28,"Nutella,Coffee"
T2220,2026-07-14,"Wine,Diapers,Beer,Butter"
T2221,2026-07-29,"Diapers,Snacks,Cheese,Milk"
T2222,2026-07-22,"Milk,Beer,Butter"
T2223,2026-07-27,Eggs
T2224,2026-07-30,"Cheese,Nutella,Eggs,Diapers"
T2225,2026-07-17,"Coffee,Snacks,Bread"
T2226,2026-07-29,"Wine,Diapers,Milk,Eggs"
T2227,2026-07-30,"Coffee,Beer,Snacks"
T2228,2026-07-31,Milk
T2229,2026-08-12,Butter
T2230,2026-07-14,"Wine,Coffee,Bread,Milk"
T2231,2026-07-28,"Snacks,Wine,Coffee,Milk"
T2232,2026-08-12,Beer
T2233,2026-07-19,"Beer,Diapers"
T2234,2026-07-24,Wine
T2235,2026-08-12,"Diapers,Eggs,Beer,Bread,Butter"
T2236,2026-08-02,"Beer,Diapers"
T2237,2026-07-30,Bread
T2238,2026-08-04,"Eggs,Wine,Beer,Milk"
T2239,2026-07-29,"Butter,Milk"
T2240,2026-08-11,"Bread,Eggs,Cheese,Snacks,Butter"
T2241,2026-07-20,Diapers
T2242,2026-07-13,"Bread,Snacks,Cheese,Milk,Butter"
T2243,2026-08-05,"Cheese,Eggs"
T2244,2026-08-12,"Nutella,Diapers,Snacks"
T2245,2026-07-19,"Beer,Diapers"
T2246,2026-07-25,"Beer,Diapers"
T2247,2026-07-16,"Beer,Milk"
T2248,2026-07-17,"Butter,Nutella"
T2249,2026-07-14,Cheese
T2250,2026-07-20,"Bread,Nutella,Butter"
T2251,2026-07-17,"Cheese,Eggs,Bread,Wine"
T2252,2026-07-22,"Milk,Snacks,Wine"
T2253,2026-08-03,"Milk,Wine,Cheese"
T2254,2026-08-09,"Beer,Diapers,Snacks"
T2255,2026-07-23,"Diapers,Butter"
T2256,2026-07-14,"Diapers,Nutella"
T2257,2026-08-11,"Coffee,Diapers,Eggs,Bread,Butter"
T2258,2026-08-10,"Nutella,Coffee,Snacks"
T2259,2026-08-04,"Coffee,Snacks"
T2260,2026-07-13,"Milk,Bread,Butter,Nutella"
T2261,2026-08-09,"Beer,Diapers,Snacks"
T2262,2026-07-15,Beer
T2263,2026-07-24,"Cheese,Bread,Butter"
T2264,2026-08-04,"Butter,Coffee,Wine"
T2265,2026-07-22,Snacks
T2266,2026-07-20,"Coffee,Butter,Cheese,Beer"
T2267,2026-07-28,"Cheese,Wine"
T2268,2026-07-21,"Eggs,Cheese,Diapers"
T2269,2026-07-19,"Beer,Diapers,Snacks"
T2270,2026-08-08,"Beer,Diapers"
T2271,2026-08-11,"Diapers,Snacks,Beer,Butter"
T2272,2026-07-14,"Beer,Bread,Diapers"
T2273,2026-08-03,Beer
T2274,2026-08-11,"Cheese,Milk"
T2275,2026-07-15,Butter
T2276,2026-07-13,"Milk,Coffee,Butter,Bread"
T2277,2026-07-15,"Milk,Coffee,Butter,Wine"
T2278,2026-07-31,"Beer,Nutella"
T2279,2026-08-08,"Beer,Diapers"
T2280,2026-07-16,"Beer,Snacks,Diapers"
T2281,2026-07-22,"Nutella,Diapers"
T2282,2026-07-25,"Beer,Diapers,Snacks"
T2283,2026-08-03,"Cheese,Coffee,Beer,Butter"
T2284,2026-07-13,"Coffee,Bread,Beer,Butter"
T2285,2026-08-12,"Bread,Diapers,Milk,Beer"
T2286,2026-07-22,"Eggs,Butter"
T2287,2026-07-15,"Snacks,Eggs,Wine"
T2288,2026-08-07,"Wine,Coffee,Diapers"
T2289,2026-07-21,"Butter,Coffee,Wine,Nutella"
T2290,2026-07-25,"Beer,Diapers"
T2291,2026-07-22,"Diapers,Beer,Nutella,Milk"
T2292,2026-08-05,Coffee
T2293,2026-07-27,"Nutella,Bread,Cheese,Butter"
T2294,2026-07-29,"Eggs,Snacks,Milk,Bread,Butter"
T2295,2026-07-25,"Beer,Diapers,Snacks"
T2296,2026-07-25,"Beer,Diapers,Snacks"
T2297,2026-07-19,"Beer,Diapers"
T2298,2026-07-25,"Beer,Diapers"
T2299,2026-08-11,"Beer,Diapers,Eggs"
T2300,2026-08-07,"Eggs,Butter"
T2301,2026-07-23,"Milk,Bread"
T2302,2026-08-09,"Beer,Diapers"
T2303,2026-07-23,"Beer,Wine"
T2304,2026-08-01,"Beer,Diapers"
T2305,2026-08-05,"Coffee,Eggs"
T2306,2026-07-15,"Beer,Milk,Diapers,Eggs"
T2307,2026-08-11,"Snacks,Diapers,Coffee,Nutella"
T2308,2026-08-05,Snacks
T2309,2026-08-09,"Beer,Diapers,Snacks"
T2310,2026-07-22,Nutella
T2311,2026-07-17,"Eggs,Cheese,Diapers,Butter"
T2312,2026-07-17,"Beer,Snacks,Bread,Butter"
T2313,2026-07-16,"Coffee,Eggs,Wine"
T2314,2026-08-08,"Beer,Diapers"
T2315,2026-07-14,Beer
T2316,2026-07-27,"Diapers,Coffee,Snacks"
T2317,2026-07-15,"Snacks,Beer,Wine"
T2318,2026-08-02,"Beer,Diapers"
T2319,2026-07-20,Snacks
T2320,2026-08-12,"Beer,Bread,Snacks,Eggs"
T2321,2026-08-03,"Wine,Eggs"
T2322,2026-07-28,"Eggs,Beer,Wine"
T2323,2026-07-23,"Diapers,Milk"
T2324,2026-08-07,"Diapers,Milk,Snacks,Beer"
T2325,2026-08-05,"Snacks,Diapers"
T2326,2026-07-17,"Nutella,Coffee,Diapers,Beer"
T2327,2026-08-05,"Eggs,Beer,Coffee"
T2328,2026-07-20,"Butter,Eggs,Nutella,Diapers"
T2329,2026-07-31,Snacks
T2330,2026-07-22,"Bread,Butter"
T2331,2026-08-05,"Bread,Butter"
T2332,2026-08-10,"Milk,Bread,Nutella,Butter"
T2333,2026-07-19,"Beer,Diapers,Snacks"
T2334,2026-08-09,"Beer,Diapers,Snacks"
T2335,2026-08-06,"Diapers,Coffee,Milk"
T2336,2026-08-08,"Beer,Diapers,Snacks"
T2337,2026-08-10,"Diapers,Milk,Butter,Cheese"
T2338,2026-07-29,"Eggs,Butter,Bread,Beer"
T2339,2026-07-18,"Beer,Diapers,Snacks"
T2340,2026-07-31,"Cheese,Nutella,Milk,Diapers"
T2341,2026-07-14,"Cheese,Snacks"
T2342,2026-08-01,"Beer,Diapers"
T2343,2026-07-21,Eggs
T2344,2026-07-16,"Snacks,Cheese,Butter,Beer"
T2345,2026-08-05,"Diapers,Cheese,Beer"
T2346,2026-08-03,"Eggs,Coffee"
T2347,2026-08-07,"Nutella,Milk,Cheese,Butter"
T2348,2026-07-27,Butter
T2349,2026-07-30,"Bread,Butter"
T2350,2026-07-28,"Milk,Nutella"
T2351,2026-07-21,Nutella
T2352,2026-07-24,"Coffee,Diapers,Snacks,Beer"
T2353,2026-08-09,"Beer,Diapers"
T2354,2026-07-19,"Beer,Diapers"
T2355,2026-08-07,"Milk,Beer"
T2356,2026-08-12,"Beer,Eggs,Wine"
T2357,2026-07-23,"Eggs,Butter,Beer,Bread"
T2358,2026-07-20,"Butter,Eggs,Wine,Nutella"
T2359,2026-07-24,Milk
T2360,2026-08-09,"Beer,Diapers"
T2361,2026-07-13,"Diapers,Butter"
T2362,2026-07-23,"Cheese,Wine"
T2363,2026-07-14,Milk
T2364,2026-07-26,"Beer,Diapers,Snacks"
T2365,2026-07-21,"Cheese,Eggs"
T2366,2026-08-01,"Beer,Diapers,Snacks"
T2367,2026-07-31,"Bread,Eggs,Wine,Milk,Butter"
T2368,2026-07-14,Wine
T2369,2026-07-13,Milk
T2370,2026-07-23,"Cheese,Butter"
T2371,2026-08-08,"Beer,Diapers,Snacks"
T2372,2026-07-31,Wine
T2373,2026-07-23,"Bread,Butter"
T2374,2026-07-20,"Milk,Snacks,Diapers"
T2375,2026-07-29,"Bread,Butter"
T2376,2026-07-25,"Beer,Diapers,Snacks"
T2377,2026-07-16,"Diapers,Eggs"
T2378,2026-07-30,"Bread,Snacks,Diapers,Beer,Butter"
T2379,2026-08-05,Diapers
T2380,2026-08-02,"Beer,Diapers"
T2381,2026-08-01,"Beer,Diapers,Snacks"
T2382,2026-07-22,Cheese
T2383,2026-07-30,"Bread,Coffee"
T2384,2026-07-25,"Beer,Diapers,Snacks"
T2385,2026-08-11,"Eggs,Diapers"
T2386,2026-07-31,"Snacks,Coffee"
T2387,2026-07-15,"Eggs,Butter,Coffee,Beer"
T2388,2026-07-27,Nutella
T2389,2026-08-01,"Beer,Diapers,Snacks"
T2390,2026-08-04,Nutella
T2391,2026-07-18,"Beer,Diapers"
T2392,2026-07-23,"Eggs,Beer,Wine,Butter"
T2393,2026-07-27,"Wine,Eggs,Snacks"
T2394,2026-08-12,"Beer,Cheese,Eggs"
T2395,2026-07-31,"Nutella,Diapers"
T2396,2026-07-24,Eggs
T2397,2026-08-03,"Diapers,Cheese,Milk"
T2398,2026-07-13,Beer
T2399,2026-07-20,"Snacks,Butter,Beer,Bread"
T2400,2026-08-02,"Beer,Diapers,Snacks"
T2401,2026-07-14,"Cheese,Nutella"
T2402,2026-08-07,"Eggs,Cheese"
T2403,2026-07-16,"Eggs,Snacks"
T2404,2026-07-27,"Cheese,Diapers"
T2405,2026-08-07,"Coffee,Butter"
T2406,2026-07-17,"Milk,Coffee,Diapers,Butter"
T2407,2026-08-08,"Beer,Diapers"
T2408,2026-07-23,"Diapers,Nutella,Bread,Butter"
T2409,2026-07-20,"Snacks,Bread,Coffee,Butter"
T2410,2026-08-02,"Beer,Diapers,Snacks"
T2411,2026-07-31,Cheese
T2412,2026-07-26,"Beer,Diapers,Snacks"
T2413,2026-08-04,"Butter,Beer,Coffee"
T2414,2026-08-04,Snacks
T2415,2026-07-25,"Beer,Diapers,Snacks"
T2416,2026-07-26,"Beer,Diapers"
T2417,2026-07-26,"Beer,Diapers,Snacks"
T2418,2026-07-16,"Milk,Diapers"
T2419,2026-08-01,"Beer,Diapers,Snacks"
T2420,2026-07-29,"Snacks,Milk"
T2421,2026-07-24,Eggs
T2422,2026-07-15,"Nutella,Beer,Bread,Butter"
T2423,2026-08-05,"Bread,Wine"
T2424,2026-08-10,"Milk,Butter,Diapers"
T2425,2026-08-03,"Snacks,Diapers"
T2426,2026-07-29,"Diapers,Coffee"
T2427,2026-07-30,Snacks
T2428,2026-08-07,"Beer,Butter,Coffee"
T2429,2026-08-02,"Beer,Diapers,Snacks"
T2430,2026-08-08,"Beer,Diapers"
T2431,2026-08-02,"Beer,Diapers,Snacks"
T2432,2026-07-18,"Beer,Diapers"
T2433,2026-07-22,"Milk,Eggs,Nutella"
T2434,2026-07-29,"Butter,Nutella,Cheese,Eggs"
T2435,2026-07-28,"Snacks,Diapers"
T2436,2026-07-17,Milk
T2437,2026-08-07,"Snacks,Diapers,Wine,Bread,Butter"
T2438,2026-07-24,Butter
T2439,2026-08-11,"Cheese,Eggs,Diapers,Bread"
T2440,2026-07-21,Coffee
T2441,2026-07-20,Beer
T2442,2026-08-04,"Diapers,Butter,Milk"
T2443,2026-07-23,"Butter,Bread,Wine,Eggs"
T2444,2026-08-08,"Beer,Diapers,Snacks"
T2445,2026-07-21,"Milk,Coffee"
T2446,2026-08-03,"Milk,Eggs,Wine,Cheese"
T2447,2026-07-23,"Bread,Butter"
T2448,2026-07-13,"Eggs,Milk,Snacks"
T2449,2026-08-03,Wine
T2450,2026-08-07,"Nutella,Cheese"
T2451,2026-07-30,Eggs
T2452,2026-08-09,"Beer,Diapers"
T2453,2026-08-11,"Snacks,Eggs,Milk,Butter"
T2454,2026-07-13,"Beer,Wine"
T2455,2026-07-18,"Beer,Diapers,Snacks"
T2456,2026-07-28,"Wine,Milk"
T2457,2026-08-01,"Beer,Diapers"
T2458,2026-07-24,Wine
T2459,2026-08-09,"Beer,Diapers,Snacks"
T2460,2026-07-16,"Nutella,Beer"
T2461,2026-08-08,"Beer,Diapers"
T2462,2026-08-11,"Eggs,Beer,Wine"
T2463,2026-08-01,"Beer,Diapers,Snacks"
T2464,2026-07-22,"Beer,Snacks,Wine,Milk"
T2465,2026-07-31,"Eggs,Coffee,Beer"
T2466,2026-08-12,"Bread,Milk,Snacks"
T2467,2026-07-16,"Coffee,Milk,Cheese,Bread"
T2468,2026-07-14,"Milk,Wine,Coffee,Bread,Butter"
T2469,2026-07-28,"Bread,Milk"
T2470,2026-08-09,"Beer,Diapers"
T2471,2026-07-30,"Cheese,Butter,Eggs"
T2472,2026-07-29,"Butter,Beer,Snacks"
T2473,2026-08-08,"Beer,Diapers"
T2474,2026-07-16,"Beer,Nutella"
T2475,2026-07-25,"Beer,Diapers,Snacks"
T2476,2026-08-12,"Beer,Butter,Nutella,Diapers"
T2477,2026-08-06,"Butter,Coffee,Cheese"
T2478,2026-07-16,Butter
T2479,2026-08-07,Butter
T2480,2026-08-04,"Eggs,Bread"
T2481,2026-07-19,"Beer,Diapers,Snacks"
T2482,2026-07-31,"Bread,Milk,Wine,Butter"
T2483,2026-07-15,Cheese
T2484,2026-08-03,"Wine,Cheese,Diapers,Coffee"
T2485,2026-08-04,"Snacks,Beer,Eggs"
T2486,2026-07-28,"Nutella,Eggs"
T2487,2026-07-22,"Bread,Eggs,Milk,Butter"
T2488,2026-07-17,"Coffee,Cheese"
T2489,2026-07-15,Milk
T2490,2026-07-25,"Beer,Diapers"
T2491,2026-07-26,"Beer,Diapers,Snacks"
T2492,2026-07-14,"Bread,Beer,Coffee,Butter"
T2493,2026-07-14,"Bread,Butter"
T2494,2026-08-10,"Coffee,Diapers,Butter,Wine"
T2495,2026-07-13,"Milk,Nutella,Butter"
T2496,2026-07-22,"Butter,Eggs,Diapers"
T2497,2026-08-10,"Beer,Milk,Bread,Butter"
T2498,2026-07-17,Butter
T2499,2026-08-05,"Bread,Butter"
T2500,2026-07-21,"Butter,Bread,Cheese,Nutella"
T2501,2026-08-05,"Diapers,Snacks"
T2502,2026-07-29,"Bread,Eggs"
T2503,2026-08-04,"Beer,Wine"
T2504,2026-07-23,Milk
T2505,2026-07-30,"Wine,Bread,Coffee,Snacks"
T2506,2026-07-19,"Beer,Diapers"
T2507,2026-08-12,"Beer,Eggs"
T2508,2026-07-29,"Eggs,Coffee,Nutella"
T2509,2026-07-13,Bread
T2510,2026-07-21,"Bread,Butter"
T2511,2026-07-25,"Beer,Diapers"
T2512,2026-07-17,"Snacks,Coffee,Milk"
T2513,2026-08-10,Milk
T2514,2026-07-17,"Snacks,Diapers"
T2515,2026-08-03,"Diapers,Bread,Nutella,Butter"
T2516,2026-07-20,"Diapers,Eggs"
T2517,2026-07-16,"Bread,Snacks,Butter"
T2518,2026-08-05,Beer
T2519,2026-07-27,"Diapers,Nutella,Coffee"
T2520,2026-07-27,Beer
T2521,2026-07-28,"Diapers,Bread,Butter"
T2522,2026-07-17,Diapers
T2523,2026-08-07,"Milk,Bread,Butter"
T2524,2026-08-03,Diapers
T2525,2026-07-24,"Wine,Beer,Nutella,Coffee"
T2526,2026-08-03,"Diapers,Coffee,Beer"
T2527,2026-07-28,"Bread,Milk,Butter"
T2528,2026-08-12,"Wine,Milk,Butter"
T2529,2026-07-26,"Beer,Diapers"
T2530,2026-08-05,"Nutella,Beer,Snacks,Wine"
T2531,2026-07-16,"Milk,Beer,Bread,Cheese,Butter"
T2532,2026-08-10,"Eggs,Milk"
T2533,2026-08-12,Eggs
T2534,2026-07-23,"Eggs,Butter,Cheese,Beer"
T2535,2026-08-05,"Wine,Eggs"
T2536,2026-07-17,"Beer,Snacks,Cheese,Bread"
T2537,2026-07-20,"Wine,Diapers,Cheese"
T2538,2026-08-03,"Milk,Cheese,Beer"
T2539,2026-07-13,"Bread,Butter"
T2540,2026-08-04,"Butter,Snacks"
T2541,2026-07-18,"Beer,Diapers,Snacks"
T2542,2026-07-27,"Snacks,Beer"
T2543,2026-07-27,"Bread,Beer,Eggs,Butter"
T2544,2026-07-23,Snacks
T2545,2026-08-06,"Beer,Nutella"
T2546,2026-08-12,Snacks
T2547,2026-08-06,"Wine,Nutella,Beer"
T2548,2026-07-28,"Snacks,Butter,Bread,Beer"
T2549,2026-08-10,Butter
T2550,2026-08-06,"Bread,Milk,Diapers,Eggs,Butter"
T2551,2026-08-01,"Beer,Diapers,Snacks"
T2552,2026-08-03,Coffee
T2553,2026-08-03,"Snacks,Cheese,Coffee"
T2554,2026-07-22,"Eggs,Nutella"
T2555,2026-07-25,"Beer,Diapers"
T2556,2026-07-23,Milk
T2557,2026-07-19,"Beer,Diapers"
T2558,2026-07-14,"Coffee,Cheese"
T2559,2026-08-02,"Beer,Diapers,Snacks"
T2560,2026-08-07,"Beer,Butter,Diapers"
T2561,2026-08-09,"Beer,Diapers,Snacks"
T2562,2026-07-29,"Milk,Coffee,Diapers,Butter"
T2563,2026-07-13,"Milk,Wine,Eggs"
T2564,2026-07-30,"Beer,Bread,Diapers,Butter"
T2565,2026-07-24,"Snacks,Diapers"
T2566,2026-07-19,"Beer,Diapers,Snacks"
T2567,2026-07-16,"Eggs,Milk,Butter"
T2568,2026-07-25,"Beer,Diapers,Snacks"
T2569,2026-08-10,"Beer,Bread,Coffee,Butter"
T2570,2026-07-22,"Snacks,Diapers"
T2571,2026-07-14,"Wine,Diapers"
T2572,2026-08-01,"Beer,Diapers,Snacks"
T2573,2026-08-12,"Nutella,Milk"
T2574,2026-07-29,"Diapers,Coffee"
T2575,2026-08-11,"Beer,Cheese,Milk"
T2576,2026-07-29,"Eggs,Milk,Snacks,Bread,Butter"
T2577,2026-08-09,"Beer,Diapers,Snacks"
T2578,2026-07-29,Beer
T2579,2026-07-30,Milk
T2580,2026-07-15,"Coffee,Snacks"
T2581,2026-07-25,"Beer,Diapers"
T2582,2026-08-11,"Butter,Bread"
T2583,2026-07-29,Coffee
T2584,2026-08-07,Diapers
T2585,2026-07-15,"Butter,Nutella"
T2586,2026-07-13,Milk
T2587,2026-07-24,"Diapers,Snacks,Bread"
T2588,2026-07-25,"Beer,Diapers,Snacks"
T2589,2026-07-19,"Beer,Diapers,Snacks"
T2590,2026-07-28,"Coffee,Eggs"
T2591,2026-08-10,"Coffee,Diapers,Wine"
T2592,2026-08-09,"Beer,Diapers"
T2593,2026-08-06,"Milk,Beer,Nutella"
T2594,2026-07-31,"Milk,Bread,Eggs,Wine,Butter"
T2595,2026-08-11,"Nutella,Eggs,Beer"
T2596,2026-07-27,"Wine,Cheese,Eggs,Snacks"
T2597,2026-08-09,"Beer,Diapers,Snacks"
T2598,2026-07-22,"Milk,Diapers"
T2599,2026-07-14,"Diapers,Wine"
T2600,2026-08-04,Beer
T2601,2026-08-06,Cheese
T2602,2026-08-02,"Beer,Diapers,Snacks"
T2603,2026-08-10,"Diapers,Wine,Milk,Coffee"
T2604,2026-07-26,"Beer,Diapers,Snacks"
T2605,2026-07-15,"Cheese,Bread,Diapers,Snacks"
T2606,2026-07-27,"Diapers,Milk"
T2607,2026-07-21,"Beer,Snacks,Milk"
T2608,2026-07-13,"Butter,Beer"
T2609,2026-07-18,"Beer,Diapers,Snacks"
T2610,2026-08-08,"Beer,Diapers,Snacks"
T2611,2026-07-22,"Diapers,Coffee"
T2612,2026-08-04,Nutella
T2613,2026-08-06,Eggs
T2614,2026-07-23,Wine
T2615,2026-07-31,Milk
T2616,2026-08-07,"Diapers,Cheese"
T2617,2026-07-24,"Bread,Milk,Butter"
T2618,2026-07-22,Diapers
T2619,2026-08-02,"Beer,Diapers,Snacks"
T2620,2026-07-19,"Beer,Diapers,Snacks"
T2621,2026-08-09,"Beer,Diapers,Snacks"
T2622,2026-08-11,"Nutella,Eggs,Wine"
T2623,2026-08-02,"Beer,Diapers"
T2624,2026-08-08,"Beer,Diapers,Snacks"
T2625,2026-07-31,"Milk,Wine"
T2626,2026-08-10,"Milk,Snacks,Wine"
T2627,2026-08-10,"Nutella,Wine,Snacks,Diapers"
T2628,2026-07-24,"Cheese,Diapers,Eggs"
T2629,2026-07-20,"Eggs,Nutella,Beer"
T2630,2026-08-05,Coffee
T2631,2026-07-27,"Cheese,Butter"
T2632,2026-08-08,"Beer,Diapers"
T2633,2026-08-11,"Beer,Milk,Eggs"
T2634,2026-07-27,"Snacks,Coffee,Butter,Milk"
T2635,2026-07-20,"Cheese,Butter,Diapers,Bread"
T2636,2026-07-20,"Nutella,Butter,Coffee"
T2637,2026-07-19,"Beer,Diapers,Snacks"
T2638,2026-08-11,"Milk,Nutella"
T2639,2026-07-20,"Eggs,Milk,Bread,Butter"
T2640,2026-07-23,"Cheese,Nutella"
T2641,2026-07-24,"Eggs,Snacks,Diapers,Butter"
T2642,2026-08-02,"Beer,Diapers"
T2643,2026-08-06,Diapers
T2644,2026-08-10,"Diapers,Bread,Snacks,Butter"
T2645,2026-08-06,"Bread,Butter"
T2646,2026-08-07,"Snacks,Milk,Cheese,Nutella"
T2647,2026-07-14,"Coffee,Diapers,Nutella"
T2648,2026-07-14,Milk
T2649,2026-07-17,"Diapers,Bread,Coffee,Nutella,Butter"
T2650,2026-07-20,Wine
T2651,2026-08-07,Beer
T2652,2026-07-19,"Beer,Diapers,Snacks"
T2653,2026-08-09,"Beer,Diapers"
T2654,2026-08-10,Wine
T2655,2026-08-05,"Milk,Cheese,Snacks,Diapers"
T2656,2026-07-23,"Bread,Milk,Beer,Diapers"
T2657,2026-08-06,"Beer,Milk,Nutella"
T2658,2026-08-06,Milk
T2659,2026-07-31,"Bread,Butter,Beer"
T2660,2026-07-16,"Bread,Beer"
T2661,2026-07-29,"Bread,Snacks,Wine,Diapers,Butter"
T2662,2026-07-18,"Beer,Diapers"
T2663,2026-08-04,"Butter,Bread"
T2664,2026-08-12,Butter
T2665,2026-07-19,"Beer,Diapers"
T2666,2026-07-24,"Coffee,Milk,Snacks,Beer"
T2667,2026-07-20,"Milk,Coffee"
T2668,2026-08-12,"Bread,Beer,Butter"
T2669,2026-07-23,"Eggs,Bread"
T2670,2026-07-14,Snacks
T2671,2026-08-02,"Beer,Diapers,Snacks"
T2672,2026-07-21,"Snacks,Diapers,Nutella,Wine"
T2673,2026-07-29,"Beer,Nutella"
T2674,2026-08-03,Eggs
T2675,2026-07-19,"Beer,Diapers,Snacks"
T2676,2026-08-02,"Beer,Diapers"
T2677,2026-07-25,"Beer,Diapers"
T2678,2026-07-21,"Cheese,Eggs,Milk"
T2679,2026-07-17,"Butter,Coffee,Eggs,Bread"
T2680,2026-07-22,"Diapers,Cheese,Coffee,Wine"
T2681,2026-08-04,"Eggs,Butter"
T2682,2026-07-18,"Beer,Diapers,Snacks"
T2683,2026-07-23,"Cheese,Milk"
T2684,2026-08-02,"Beer,Diapers"
T2685,2026-07-27,"Diapers,Beer,Bread,Butter"
T2686,2026-08-09,"Beer,Diapers"
T2687,2026-08-08,"Beer,Diapers,Snacks"
T2688,2026-07-21,"Milk,Beer"
T2689,2026-08-06,"Diapers,Milk,Bread,Snacks,Butter"
T2690,2026-07-20,Diapers
T2691,2026-07-23,"Wine,Diapers,Coffee,Snacks"
T2692,2026-07-29,"Beer,Milk"
T2693,2026-08-12,Snacks
T2694,2026-08-02,"Beer,Diapers,Snacks"
T2695,2026-07-23,"Nutella,Eggs,Butter"
T2696,2026-08-01,"Beer,Diapers"
T2697,2026-07-26,"Beer,Diapers"
T2698,2026-07-25,"Beer,Diapers"
T2699,2026-07-24,"Butter,Eggs,Beer"
T2700,2026-07-25,"Beer,Diapers,Snacks"
T2701,2026-08-07,Nutella
T2702,2026-08-10,Eggs
T2703,2026-07-27,"Snacks,Milk,Diapers"
T2704,2026-08-03,Coffee
T2705,2026-07-13,"Nutella,Beer,Milk"
T2706,2026-08-08,"Beer,Diapers"
T2707,2026-07-22,"Bread,Snacks,Cheese,Diapers,Butter"
T2708,2026-07-20,Diapers
T2709,2026-08-01,"Beer,Diapers,Snacks"
T2710,2026-07-19,"Beer,Diapers,Snacks"
T2711,2026-08-06,"Beer,Bread,Butter"
T2712,2026-08-05,"Wine,Diapers,Milk"
T2713,2026-08-09,"Beer,Diapers,Snacks"
T2714,2026-08-05,"Diapers,Bread,Butter"
T2715,2026-08-01,"Beer,Diapers"
T2716,2026-08-02,"Beer,Diapers"
T2717,2026-08-01,"Beer,Diapers"
T2718,2026-07-26,"Beer,Diapers,Snacks"
T2719,2026-07-14,"Diapers,Cheese"
T2720,2026-08-03,"Butter,Eggs,Snacks,Cheese"
T2721,2026-07-24,"Snacks,Milk,Butter,Wine"
T2722,2026-07-21,Snacks
T2723,2026-08-05,"Eggs,Coffee,Butter,Diapers"
T2724,2026-07-17,"Nutella,Coffee,Milk,Bread,Butter"
T2725,2026-07-30,"Wine,Bread,Butter"
T2726,2026-07-27,"Diapers,Beer,Eggs,Snacks"
T2727,2026-07-24,"Eggs,Bread,Butter,Diapers"
T2728,2026-08-03,"Milk,Beer,Cheese"
T2729,2026-07-14,Coffee
T2730,2026-07-15,Diapers
T2731,2026-08-12,"Butter,Coffee,Beer,Cheese"
T2732,2026-08-10,"Eggs,Diapers,Milk,Bread,Butter"
T2733,2026-08-08,"Beer,Diapers,Snacks"
T2734,2026-07-23,"Beer,Snacks,Cheese,Butter"
T2735,2026-07-25,"Beer,Diapers,Snacks"
T2736,2026-08-12,"Wine,Cheese,Snacks,Nutella"
T2737,2026-08-03,Eggs
T2738,2026-07-24,"Diapers,Butter"
T2739,2026-08-09,"Beer,Diapers"
T2740,2026-07-25,"Beer,Diapers,Snacks"
T2741,2026-08-06,"Milk,Butter,Diapers"
T2742,2026-08-12,"Butter,Cheese,Diapers"
T2743,2026-08-06,"Coffee,Eggs,Diapers,Butter"
T2744,2026-08-07,Eggs
T2745,2026-07-23,Coffee
T2746,2026-07-17,Cheese
T2747,2026-08-01,"Beer,Diapers"
T2748,2026-07-14,Eggs
T2749,2026-08-06,Cheese
T2750,2026-08-03,"Wine,Butter"
T2751,2026-07-19,"Beer,Diapers"
T2752,2026-07-18,"Beer,Diapers"
T2753,2026-07-26,"Beer,Diapers,Snacks"
T2754,2026-08-03,"Bread,Eggs,Butter"
T2755,2026-07-13,"Snacks,Cheese,Bread,Butter"
T2756,2026-08-01,"Beer,Diapers"
T2757,2026-07-18,"Beer,Diapers,Snacks"
T2758,2026-07-25,"Beer,Diapers"
T2759,2026-08-01,"Beer,Diapers,Snacks"
T2760,2026-07-29,"Wine,Diapers,Cheese,Coffee"
T2761,2026-07-27,"Diapers,Milk,Coffee,Butter"
T2762,2026-08-10,"Nutella,Bread,Butter"
T2763,2026-08-07,"Beer,Bread,Butter"
T2764,2026-08-09,"Beer,Diapers"
T2765,2026-08-08,"Beer,Diapers,Snacks"
T2766,2026-07-27,Cheese
T2767,2026-07-14,Coffee
T2768,2026-08-12,"Milk,Coffee,Eggs"
T2769,2026-08-03,"Eggs,Diapers,Snacks"
T2770,2026-07-14,"Coffee,Cheese,Beer"
T2771,2026-07-14,Diapers
T2772,2026-07-23,Diapers
T2773,2026-07-25,"Beer,Diapers"
T2774,2026-07-19,"Beer,Diapers"
T2775,2026-08-01,"Beer,Diapers"
T2776,2026-07-13,"Bread,Butter"
T2777,2026-07-18,"Beer,Diapers,Snacks"
T2778,2026-07-16,"Eggs,Coffee"
T2779,2026-07-25,"Beer,Diapers"
T2780,2026-08-01,"Beer,Diapers"
T2781,2026-08-07,"Wine,Beer,Cheese,Nutella"
T2782,2026-07-26,"Beer,Diapers"
T2783,2026-07-18,"Beer,Diapers"
T2784,2026-08-04,"Milk,Eggs,Bread,Diapers,Butter"
T2785,2026-07-18,"Beer,Diapers"
T2786,2026-07-20,"Coffee,Beer"
T2787,2026-08-10,Nutella
T2788,2026-08-12,"Coffee,Nutella,Butter,Snacks"
T2789,2026-08-01,"Beer,Diapers,Snacks"
T2790,2026-07-23,"Milk,Coffee,Butter"
T2791,2026-07-20,"Bread,Diapers,Butter"
T2792,2026-08-09,"Beer,Diapers,Snacks"
T2793,2026-07-14,"Wine,Butter"
T2794,2026-08-08,"Beer,Diapers,Snacks"
T2795,2026-08-02,"Beer,Diapers"
T2796,2026-07-30,"Beer,Butter,Snacks"
T2797,2026-07-31,"Nutella,Bread,Butter,Cheese"
T2798,2026-08-05,"Diapers,Butter,Cheese"
T2799,2026-07-21,"Bread,Beer,Butter"
T2800,2026-07-24,"Snacks,Milk"
T2801,2026-08-05,"Wine,Milk"
T2802,2026-08-01,"Beer,Diapers,Snacks"
T2803,2026-07-16,Butter
T2804,2026-07-20,"Milk,Diapers,Nutella,Cheese"
T2805,2026-08-10,"Snacks,Butter"
T2806,2026-07-30,Butter
T2807,2026-07-25,"Beer,Diapers"
T2808,2026-08-11,"Wine,Coffee,Beer"
T2809,2026-08-03,Cheese
T2810,2026-07-22,"Wine,Cheese,Coffee"
T2811,2026-08-09,"Beer,Diapers"
T2812,2026-07-30,"Diapers,Snacks"
T2813,2026-07-24,"Snacks,Diapers"
T2814,2026-08-06,"Coffee,Eggs,Beer,Bread,Butter"
T2815,2026-08-07,"Nutella,Snacks"
T2816,2026-08-03,"Beer,Coffee,Butter,Snacks"
T2817,2026-07-22,"Cheese,Butter,Eggs,Milk"
T2818,2026-07-18,"Beer,Diapers,Snacks"
T2819,2026-08-10,"Butter,Milk"
T2820,2026-07-18,"Beer,Diapers,Snacks"
T2821,2026-07-16,"Snacks,Eggs,Cheese"
T2822,2026-07-18,"Beer,Diapers"
T2823,2026-07-23,"Snacks,Butter"
T2824,2026-07-18,"Beer,Diapers,Snacks"
T2825,2026-07-31,"Coffee,Snacks,Diapers,Eggs"
T2826,2026-07-14,Wine
T2827,2026-07-23,"Diapers,Cheese,Eggs"
T2828,2026-07-24,"Cheese,Butter,Diapers"
T2829,2026-07-27,"Milk,Beer,Diapers,Wine"
T2830,2026-07-29,Wine
T2831,2026-08-07,"Snacks,Diapers"
T2832,2026-07-24,"Coffee,Eggs,Diapers,Cheese"
T2833,2026-07-20,"Butter,Diapers"
T2834,2026-07-26,"Beer,Diapers"
T2835,2026-07-24,"Nutella,Butter,Snacks,Beer"
T2836,2026-07-25,"Beer,Diapers,Snacks"
T2837,2026-07-23,"Snacks,Beer,Wine"
T2838,2026-08-01,"Beer,Diapers,Snacks"
T2839,2026-08-03,"Snacks,Butter,Bread"
T2840,2026-07-18,"Beer,Diapers,Snacks"
T2841,2026-07-16,Bread
T2842,2026-07-17,Cheese
T2843,2026-08-07,"Wine,Cheese,Diapers,Beer"
T2844,2026-08-12,"Nutella,Eggs"
T2845,2026-07-25,"Beer,Diapers,Snacks"
T2846,2026-07-26,"Beer,Diapers,Snacks"
T2847,2026-08-01,"Beer,Diapers"
T2848,2026-07-13,"Milk,Bread,Butter,Nutella"
T2849,2026-08-05,"Butter,Diapers"
T2850,2026-08-08,"Beer,Diapers,Snacks"
T2851,2026-07-15,"Milk,Bread,Coffee,Wine,Butter"
T2852,2026-07-28,"Nutella,Diapers,Snacks,Eggs"
T2853,2026-07-31,"Diapers,Beer"
T2854,2026-07-27,Milk
T2855,2026-07-19,"Beer,Diapers,Snacks"
T2856,2026-07-19,"Beer,Diapers,Snacks"
T2857,2026-08-12,"Cheese,Nutella"
T2858,2026-07-31,"Cheese,Butter,Coffee"
T2859,2026-08-01,"Beer,Diapers,Snacks"
T2860,2026-07-18,"Beer,Diapers,Snacks"
T2861,2026-07-20,Nutella
T2862,2026-07-13,"Snacks,Wine,Nutella,Diapers"
T2863,2026-07-26,"Beer,Diapers,Snacks"
T2864,2026-07-24,"Bread,Cheese,Butter"
T2865,2026-08-07,"Eggs,Wine,Diapers"
T2866,2026-07-13,"Wine,Diapers"
T2867,2026-07-19,"Beer,Diapers"
T2868,2026-07-14,"Snacks,Coffee"
T2869,2026-07-28,"Cheese,Beer"
T2870,2026-07-19,"Beer,Diapers"
T2871,2026-07-24,Diapers
T2872,2026-07-30,"Bread,Nutella,Butter"
T2873,2026-07-17,"Beer,Bread"
T2874,2026-08-04,"Nutella,Milk,Cheese,Snacks"
T2875,2026-07-15,"Diapers,Nutella,Butter,Milk"
T2876,2026-07-20,Nutella
T2877,2026-07-14,"Coffee,Milk"
T2878,2026-08-02,"Beer,Diapers,Snacks"
T2879,2026-08-06,"Cheese,Milk,Diapers"
T2880,2026-08-05,"Eggs,Wine,Snacks"
T2881,2026-07-23,Coffee
T2882,2026-07-19,"Beer,Diapers,Snacks"
T2883,2026-07-25,"Beer,Diapers,Snacks"
T2884,2026-08-12,"Coffee,Milk"
T2885,2026-07-17,Butter
T2886,2026-07-27,Coffee
T2887,2026-08-09,"Beer,Diapers,Snacks"
T2888,2026-08-01,"Beer,Diapers"
T2889,2026-08-04,Wine
T2890,2026-08-03,"Cheese,Milk,Diapers"
T2891,2026-08-05,Coffee
T2892,2026-08-04,Nutella
T2893,2026-08-04,"Diapers,Butter,Cheese"
T2894,2026-07-31,Butter
T2895,2026-08-12,"Butter,Eggs"
T2896,2026-07-13,"Milk,Coffee,Diapers"
T2897,2026-08-09,"Beer,Diapers,Snacks"
T2898,2026-07-16,Nutella
T2899,2026-08-05,"Diapers,Bread,Snacks"
T2900,2026-08-03,"Milk,Bread"
T2901,2026-08-04,"Wine,Butter,Coffee"
T2902,2026-08-02,"Beer,Diapers,Snacks"
T2903,2026-07-14,Eggs
T2904,2026-08-08,"Beer,Diapers"
T2905,2026-08-07,"Bread,Coffee,Nutella,Butter"
T2906,2026-07-23,Coffee
T2907,2026-07-26,"Beer,Diapers,Snacks"
T2908,2026-08-03,Snacks
T2909,2026-08-09,"Beer,Diapers"
T2910,2026-07-31,"Cheese,Bread,Butter"
T2911,2026-07-19,"Beer,Diapers"
T2912,2026-08-05,"Nutella,Snacks,Butter,Wine"
T2913,2026-08-08,"Beer,Diapers,Snacks"
T2914,2026-08-04,Eggs
T2915,2026-08-10,"Bread,Beer,Butter"
T2916,2026-07-21,"Cheese,Nutella,Diapers"
T2917,2026-07-31,"Beer,Nutella"
T2918,2026-08-08,"Beer,Diapers"
T2919,2026-08-02,"Beer,Diapers"
T2920,2026-08-04,Snacks
T2921,2026-07-19,"Beer,Diapers,Snacks"
T2922,2026-07-20,"Eggs,Snacks,Coffee"
T2923,2026-08-02,"Beer,Diapers,Snacks"
T2924,2026-07-16,"Wine,Coffee,Beer,Bread,Butter"
T2925,2026-07-14,"Butter,Snacks"
T2926,2026-07-22,"Butter,Beer,Nutella"
T2927,2026-07-24,Nutella
T2928,2026-08-02,"Beer,Diapers,Snacks"
T2929,2026-08-02,"Beer,Diapers"
T2930,2026-08-12,"Diapers,Coffee,Wine,Cheese"
T2931,2026-07-28,Cheese
T2932,2026-08-07,Butter
T2933,2026-07-17,Beer
T2934,2026-07-15,"Nutella,Milk"
T2935,2026-08-08,"Beer,Diapers"
T2936,2026-07-19,"Beer,Diapers,Snacks"
T2937,2026-07-13,"Bread,Snacks,Wine,Butter"
T2938,2026-07-17,Diapers
T2939,2026-08-04,"Snacks,Beer"
T2940,2026-07-15,Diapers
T2941,2026-07-30,"Diapers,Cheese,Wine,Milk"
T2942,2026-08-09,"Beer,Diapers,Snacks"
T2943,2026-07-19,"Beer,Diapers"
T2944,2026-08-06,"Cheese,Wine,Nutella,Snacks"
T2945,2026-08-11,"Cheese,Snacks"
T2946,2026-07-14,"Coffee,Milk,Snacks,Bread,Butter"
T2947,2026-07-28,Bread
T2948,2026-08-11,"Beer,Cheese,Butter,Coffee"
T2949,2026-07-22,"Bread,Butter,Beer,Wine"
T2950,2026-07-27,"Bread,Eggs,Butter,Wine"
T2951,2026-08-05,"Snacks,Coffee,Cheese"
T2952,2026-07-22,"Cheese,Eggs,Bread,Butter"
T2953,2026-08-04,"Wine,Nutella,Milk"
T2954,2026-07-13,"Nutella,Snacks,Wine"
T2955,2026-07-31,Beer
T2956,2026-07-16,"Beer,Eggs"
T2957,2026-07-26,"Beer,Diapers,Snacks"
T2958,2026-07-19,"Beer,Diapers,Snacks"
T2959,2026-08-09,"Beer,Diapers,Snacks"
T2960,2026-08-10,"Milk,Eggs,Cheese,Diapers"
T2961,2026-07-22,Eggs
T2962,2026-07-19,"Beer,Diapers"
T2963,2026-07-23,"Nutella,Butter,Milk,Bread"
T2964,2026-08-06,"Cheese,Wine"
T2965,2026-07-13,"Nutella,Butter,Beer"
T2966,2026-08-12,Beer
T2967,2026-08-09,"Beer,Diapers"
T2968,2026-07-14,Beer
T2969,2026-08-03,"Snacks,Cheese,Diapers"
T2970,2026-08-04,"Cheese,Coffee,Snacks,Butter"
T2971,2026-07-19,"Beer,Diapers,Snacks"
T2972,2026-07-27,"Butter,Cheese,Nutella"
T2973,2026-07-13,Beer
T2974,2026-07-23,"Snacks,Coffee,Eggs"
T2975,2026-08-04,"Bread,Milk,Butter"
T2976,2026-08-01,"Beer,Diapers,Snacks"
T2977,2026-08-02,"Beer,Diapers,Snacks"
T2978,2026-07-29,"Butter,Coffee,Snacks"
T2979,2026-07-20,Cheese
T2980,2026-07-30,"Nutella,Butter,Cheese,Beer"
T2981,2026-07-25,"Beer,Diapers,Snacks"
T2982,2026-08-04,"Butter,Cheese"
T2983,2026-07-17,"Milk,Wine,Beer,Eggs"
T2984,2026-07-23,"Beer,Nutella"
T2985,2026-08-02,"Beer,Diapers,Snacks"
T2986,2026-07-15,"Wine,Diapers"
T2987,2026-08-02,"Beer,Diapers,Snacks"
T2988,2026-07-27,"Bread,Milk,Butter"
T2989,2026-07-18,"Beer,Diapers,Snacks"
T2990,2026-07-14,"Coffee,Wine,Diapers,Nutella"
T2991,2026-07-20,"Milk,Butter,Diapers"
T2992,2026-07-30,"Coffee,Diapers,Milk"
T2993,2026-07-21,"Butter,Diapers,Snacks,Bread"
T2994,2026-08-06,"Bread,Wine,Coffee,Snacks"
T2995,2026-08-03,"Wine,Eggs,Cheese,Diapers"
T2996,2026-07-27,"Butter,Cheese,Milk"
T2997,2026-08-02,"Beer,Diapers"
T2998,2026-08-03,Cheese
T2999,2026-07-22,"Coffee,Wine"
T3000,2026-07-18,"Beer,Diapers"
